1,2022-05-27,สายกราว WD-18 ขาด,WD,แก้ไขแล้ว
2,2022-05-27,ประตูปิดไม่ได้,PT,แก้ไขแล้ว
3,2022-05-27,คอมพิวเตอร์ห้อง QC จอไม่ติดฝั้ง mc,MC,แก้ไขแล้ว
4,2022-05-27,เครือง PC-02 ตัดงานไม่ได้,LM,แก้ไขแล้ว
5,2022-05-27,คอม Paiinting เข้าเน็ตไม่ได้,PL,แก้ไขแล้ว
6,2022-05-27,MC-01 ทูลถอดไม่ออก,MC,แก้ไขแล้ว
7,2022-05-27,ไฟช็อตเครื่องพลาสม่า,LM,แก้ไขแล้ว
8,2022-05-27,หลังคารั่ว,ส่วนกลาง,แก้ไขแล้ว
9,2022-05-27,Air Blower มีเสียงดังแปลกๆๆ,MC,แก้ไขแล้ว
10,2022-05-27,ไฟส่องส่วางตรงบริเวณMC-08 กระพริบ,MC,แก้ไขแล้ว
11,2022-05-28,สตาร์ทรถโฟคลิฟให้,ส่วนกลาง,แก้ไขแล้ว
12,2022-05-28,ประตูห้องสีปิดไม่ได้,PT,แก้ไขแล้ว
13,2022-05-28,Express ใช้งานไม่ได้,ออฟฟิศ,แก้ไขแล้ว
14,2022-05-28,Mail กับ Cxpress ใช้งานไม่ได้,ออฟฟิศ,แก้ไขแล้ว
15,2022-05-28,ตู้ Server ไฟไม่เข้าเครื่องสำรองไฟ,WD1,แก้ไขแล้ว
16,2022-05-28,Server เข้าไม่ได้,ออฟฟิศ,แก้ไขแล้ว
17,2022-05-28,ตู้เชื่อม WD-37 Error,WD,แก้ไขแล้ว
18,2022-05-28,รถโพคลิฟเบรคติด,ส่วนกลาง,แก้ไขแล้ว
19,2022-05-28,ML- 03 ไฟส่องส่วางในเครื่องดับ,ML,แก้ไขแล้ว
20,2022-05-29,เครื่องพรั้นชิ่งอราม,LM,แก้ไขแล้ว
21,2022-05-30,WD - 31 ตุ้เชื้อมใช้งานไม่ได้,WD,แก้ไขแล้ว
22,2022-05-30,เครื่องLM - 05 อรามแต่ตัดงานได้,LM,แก้ไขแล้ว
23,2022-05-30,MC-09 น้ำรั้ว,MC,แก้ไขแล้ว
24,2022-05-30,เครื่องพรั้นชิ่งมีปัญหา,LM,แก้ไขแล้ว
25,2022-05-30,รถ Start ไม่ติด,ส่วนกลาง,แก้ไขแล้ว
26,2022-05-30, WR-11 สายส่งลวดหลุด ,WR,แก้ไขแล้ว
27,2022-05-30,ML-07 อราม,ML,แก้ไขแล้ว
28,2022-05-30,MC-02 อราม,MC,แก้ไขแล้ว
29,2022-05-30,LM-01 ถาดเข้าไม่สุด,LM,แก้ไขแล้ว
30,2022-05-30,MC-01 อามค้าง,MC,แก้ไขแล้ว
31,2022-05-30,WR-20 กับ WR-23 แก๊ส co2 ไม่ออก,WR,แก้ไขแล้ว
32,2022-05-30,ML-07 รางขี้เหล็กติด,ML,แก้ไขแล้ว
33,2022-05-30,WD-03 จุด WD-38 ไฟตัดไฟไม่ติด,WD,แก้ไขแล้ว
34,2022-05-31,MC-08 กัมปไนท์ไม่ได้อากาศ,MC,แก้ไขแล้ว
35,2022-05-31,พัดลมบริเวณเครื่อง  MC-07 ดังผิดปกติ,MC,แก้ไขแล้ว
36,2022-05-31,วาล์วมีน้ำรั้วซึม บ่อ 4,PT,แก้ไขแล้ว
37,2022-05-31,ML-06 อราม,ML,แก้ไขแล้ว
38,2022-05-31,ท่อด้านหลังโรงงานหลุด,PT,แก้ไขแล้ว
39,2022-05-31,WR-15 ใช้งานไม่ได้,WR,แก้ไขแล้ว
40,2022-05-31,Robot R-16 Robot 2 แก้ไขด่วน,WR,แก้ไขแล้ว
41,2022-05-31,กลอนประตู้ห้องน้ำเสีย,ส่วนกลาง,แก้ไขแล้ว
42,2022-05-31,เครื่องพลาสม่าอราม,LM,แก้ไขแล้ว
43,2022-05-31,PC-02 อราม,PC,แก้ไขแล้ว
44,2022-05-31,MC-01 อราม,MC,แก้ไขแล้ว
45,2022-05-31,WR-20 สายไฟหลุด,WR,แก้ไขแล้ว
46,2022-05-31,ไปเครื่อง Plasma,LM,แก้ไขแล้ว
47,2022-05-31,PC-02 อราม,PC,แก้ไขแล้ว
48,2022-05-31,MC-08 กัมปไนท์ไม่ได้อากาศ,MC,แก้ไขแล้ว
49,2022-06-01,ตู้อบชิ้นงานความร้อนปรับไม่ได้,PT,แก้ไขแล้ว
50,2022-06-01,เติมจารบี เครื่อง PM-01  Alarm ,PM,แก้ไขแล้ว
51,2022-06-01,ประตูโรงสีไม่ล็อกตัวเซนเซอร์,PT,แก้ไขแล้ว
52,2022-06-01,PB-03 อราม,เลเซอร์,แก้ไขแล้ว
53,2022-06-01,ใส่เกียร์รถโฟคลิฟไม่ได้,FD,แก้ไขแล้ว
54,2022-06-01,ตั้งโซ่เครื่องพ่นทราย,PT,แก้ไขแล้ว
55,2022-06-01,แท่งหมุนใหม่แนวเชื่อมเป็นฟอง,WD,แก้ไขแล้ว
56,2022-06-02,น้ำรั้วตรงประตู ML-06,ML,แก้ไขแล้ว
57,2022-06-02,ประตูโรงพ่นสีเสีย,PT,แก้ไขแล้ว
58,2022-06-02,ตู้เชื่อม WD-24 เปิดไม่ติด,WD,แก้ไขแล้ว
59,2022-06-02,MC-02 อราม,MC,แก้ไขแล้ว
60,2022-06-02,TM-01 น้ำรั่ว,TM,แก้ไขแล้ว
61,2022-06-02,ML-04 น้ำรั้ว,ML,แก้ไขแล้ว
62,2022-06-02,รอยเชื่อมบ่อ 4 โรงสี,PT,แก้ไขแล้ว
63,2022-06-02,เครื่องยิงทรายมีปัญหา,PT,แก้ไขแล้ว
64,2022-06-02,ตู้เชื่อม Error,WD,แก้ไขแล้ว
65,2022-06-03,โซ่มีเครื่องพ้นทรายปัญหา,PT,แก้ไขแล้ว
66,2022-06-03,พัดลม Robot WR-22 ไม่ติด,WR,แก้ไขแล้ว
67,2022-06-03,เครื่องพลาสม่ามีปัญหา,เลเซอร์,แก้ไขแล้ว
68,2022-06-03,เครนแผนก LM มีปัญหา,LM,แก้ไขแล้ว
69,2022-06-03,ประตูโรงสีปิดไม่ได้,PT,แก้ไขแล้ว
70,2022-06-04,ชิลปั้มมีปัญหา,PT,แก้ไขแล้ว
71,2022-06-04,MC-01 น้ำมันไฮดรอลิคเปลี่ยนทูลหมด,MC,แก้ไขแล้ว
72,2022-06-06,LM-06 เปลี่ยนถาดไม่ได้,เลเซอร์,แก้ไขแล้ว
73,2022-06-06,MC-02 อามค้าง,MC,แก้ไขแล้ว
74,2022-06-06,ส่วานไฟฟ้าแบตหมด,EN,แก้ไขแล้ว
75,2022-06-06,ML-04 มีปัญหา,เลเซอร์,แก้ไขแล้ว
76,2022-06-06,กล่องที่อยู่รางเลื่อนเครนหลุด,LM,แก้ไขแล้ว
77,2022-06-06,โซ่มีเครื่องพ่นทรายปัญหา,PT,แก้ไขแล้ว
78,2022-06-06,WD-01 กับ WD-12 ปรับกระแสไฟไม่ได้,WD,แก้ไขแล้ว
79,2022-06-06,หลังคารั่ว,MC,แก้ไขแล้ว
80,2022-06-06,ลังคารั้วตรงจุดKKT,โคบรา,แก้ไขแล้ว
81,2022-06-06,หลังคารั่วตรงเครื่องพลาสม่า,เลเซอร์,แก้ไขแล้ว
82,2022-06-06,ตู้เชื่อมwd3error,WD,แก้ไขแล้ว
83,2022-06-06,LM-01 อราม,เลเซอร์,แก้ไขแล้ว
84,2022-06-07,โซ่เครื่องพ่นทรายมีปัญหา,PT,แก้ไขแล้ว
85,2022-06-07,รางติด ML-07 ,MC,แก้ไขแล้ว
86,2022-06-07,MC-11อามค้าง,ML,แก้ไขแล้ว
87,2022-06-07,MC-11อามค้าง,MC,แก้ไขแล้ว
88,2022-06-07,PB-03 เครื่องอาราม,เลเซอร์,แก้ไขแล้ว
89,2022-06-07,กุญแจเช็นเชอร์เครื่องปั้ม PP-05 หมุนไม่ได้,PB,แก้ไขแล้ว
90,2022-06-07,LM-05ลมตก,เลเซอร์,แก้ไขแล้ว
91,2022-06-07,ML-07 เครื่องไม่ทำงา,MC,แก้ไขแล้ว
92,2022-06-07,PB 03 อาราม,เลเซอร์,แก้ไขแล้ว
93,2022-06-07,มอเตอร์ป้อนลวดโรบอทเครื่องใหม ดังผิกปกติ,WD,แก้ไขแล้ว
94,2022-06-07,พัดลม ไม่ติด เครื่อง WA-21,WA,แก้ไขแล้ว
95,2022-06-07,WR-18 มีปัญหา,WD-1,แก้ไขแล้ว
96,2022-06-07,กล่องที่อยู่กับรางเลื่อนเครนหลุด,LM,แก้ไขแล้ว
97,2022-06-08,เครื่องถ่ายเอกสารห้อง QC,QC,แก้ไขแล้ว
98,2022-06-08,LM-01 อราม,LM,แก้ไขแล้ว
99,2022-06-08,กรองมีปัญหา,MC,แก้ไขแล้ว
100,2022-06-08,AC-03ปั้มลมเครื่องดับ,AC,แก้ไขแล้ว
101,2022-06-08,PB 03 อาราม,PB,แก้ไขแล้ว
102,2022-06-08,สายลมรั่ว,MC,แก้ไขแล้ว
103,2022-06-08,ปั้มลมดับ,MC,แก้ไขแล้ว
104,2022-06-08,กล่องที่อยู่กับรางเลื่อนหลุดข้าง,LM,แก้ไขแล้ว
105,2022-06-08,ตู้เชื่อม WD-23 เปิดไม่ติด,WD,แก้ไขแล้ว
106,2022-06-08,MC-01 อามค้าง,MC,แก้ไขแล้ว
107,2022-06-08,LM-01 อราม,LM,แก้ไขแล้ว
108,2022-06-08,เติมน้ำมันไฮโดรลิกเครื่อง ML-02,ML,แก้ไขแล้ว
109,2022-06-08,LM-01 อราม,ML,แก้ไขแล้ว
110,2022-06-09,LM-01 อราม,ML,แก้ไขแล้ว
111,2022-06-09,MCใส่ทูบไม่ได้,MC,แก้ไขแล้ว
112,2022-06-09,คอมATT11เข้าเน็ตไม่ได้,ออฟฟิศ,แก้ไขแล้ว
113,2022-06-09,ML-05อราม,ML,แก้ไขแล้ว
114,2022-06-09,ใบpmขาด pb,PB,แก้ไขแล้ว
115,2022-06-09,ML-03น้ำยาหล่อไม่โดนทูล,ML,แก้ไขแล้ว
116,2022-06-09,MC-01 อามค้าง,MC,แก้ไขแล้ว
117,2022-06-09,เครื่องยิงทรายมีปัญหา,PT,แก้ไขแล้ว
118,2022-06-09,LM-01อราม,เลเซอร์,แก้ไขแล้ว
119,2022-06-09,ML-04 เสียงปั้มน้ำดังผิดปกติ,ML,แก้ไขแล้ว
120,2022-06-09, LM-01 อราม,ML,แก้ไขแล้ว
121,2022-06-09,ML-07ประตูเปิดไม่ได้,ML,แก้ไขแล้ว
122,2022-06-09,หัวตัดแก๊สเสีย,WD2,แก้ไขแล้ว
123,2022-06-09,LM-01 เปลี่ยนถาดไม่ได้,เลเซอร์,แก้ไขแล้ว
124,2022-06-10,Lm-01 อราม,เลเซอร์,แก้ไขแล้ว
125,2022-06-10,Mc-08 น้ำยารั่ว,MC,แก้ไขแล้ว
126,2022-06-10,เครื่องพลาสม่าลมรั่ว,เลเซอร์,แก้ไขแล้ว
127,2022-06-10, MC-01อามค้าง,MC,แก้ไขแล้ว
128,2022-06-10,โรงพ่นสีไฟดับ,PT,แก้ไขแล้ว
129,2022-06-10,WR-11อราม,WD2,แก้ไขแล้ว
130,2022-06-10,ปั้มลมโรงพ่นสีดับ,PT,แก้ไขแล้ว
131,2022-06-10,WR-13 อราม,WD2,แก้ไขแล้ว
132,2022-06-10,PM-01 อราม,PM,แก้ไขแล้ว
133,2022-06-10,สายลมรั่ว,WD1,แก้ไขแล้ว
134,2022-06-10,Sever notebook ห้อง QC MC,MC,แก้ไขแล้ว
135,2022-06-10,MC-01 อามค้าง,MC,แก้ไขแล้ว
136,2022-06-10,Lm01อราม,เลเซอร์,แก้ไขแล้ว
137,2022-06-10,เครนกดเลื่อนไม่ได้,LM,แก้ไขแล้ว
138,2022-06-11,TM07 อะไหล่หลุด,TM,แก้ไขแล้ว
139,2022-06-11,Lm05ลมตก,เลเซอร์,แก้ไขแล้ว
140,2022-06-11,Lm06 ลมตก,เลเซอร์,แก้ไขแล้ว
141,2022-06-11,MC-02อามค้าง,MC,แก้ไขแล้ว
142,2022-06-11,ปั๊มตัน,PT,แก้ไขแล้ว
143,2022-06-11,ตู้เชื่อมWD24เปิดไม่ติด,WD,แก้ไขแล้ว
144,2022-06-11,WD-27 กับ WD-31 ลมตกรอปั้มลมเสีย,WD,แก้ไขแล้ว
145,2022-06-11,เครื่องพรั่นชิ่งอรามจารบี,เลเซอร์,แก้ไขแล้ว
146,2022-06-11,PB 03 อาราม,PB,แก้ไขแล้ว
147,2022-06-11,Mc11อามค้าง,MC,แก้ไขแล้ว
148,2022-06-11,เครื่องพรั้นชิ่งอรามจารบี,เลเซอร์,แก้ไขแล้ว
149,2022-06-11,เครื่อง Roll ให้ KKT,โคบรา,แก้ไขแล้ว
150,2022-06-11,ประกอบได้แต่สวิทซ์มีปัญหา,WR,แก้ไขแล้ว
151,2022-06-11,เลนย์ เครื่องLM05 ร้อนผิดปกติ,เลเซอร์,แก้ไขแล้ว
152,2022-06-11,WD-37,WD,แก้ไขแล้ว
153,2022-06-11,Lm01เปลี่ยนถาดไม่ได้,LM,แก้ไขแล้ว
154,2022-06-11,MC01 อามค้าง,MC,แก้ไขแล้ว
155,2022-06-12,แคมป์เครื่องLm05,LM,แก้ไขแล้ว
156,2022-06-12,อ่างน้ำข้างห้องน้ำตัน,ส่วนกลาง,แก้ไขแล้ว
157,2022-06-12,TM-01 มีปัญหา,TM,แก้ไขแล้ว
158,2022-06-12,"ซิลิโคนหน้าประตู ML05 , ML06",ML,แก้ไขแล้ว
159,2022-06-12,TM01 ล็อคไม่ได,TM,แก้ไขแล้ว
160,2022-06-13,MC01 น้ำมันหมดทำให้อามค้าง,MC,แก้ไขแล้ว
161,2022-06-13,สายไฟช็อต พัดลมไม่ติดท้ายไลน์ Floor Frame,WD,แก้ไขแล้ว
162,2022-06-13,WR-18มีปัญหา,WR,แก้ไขแล้ว
163,2022-06-13,สวิทช์พัดลม mc-12พัง,MC,แก้ไขแล้ว
164,2022-06-13,WR18 แบตหมดครับเปิดเครื่องไม่ได้,WR,แก้ไขแล้ว
165,2022-06-13,PC-03 เดินงาน auto ไม่ได้,PC,แก้ไขแล้ว
166,2022-06-13,ตู้เชื่อมWD-27เปิดไม่ติด,WD,แก้ไขแล้ว
167,2022-06-13,ROBOT WR-05อราม,WR,แก้ไขแล้ว
168,2022-06-13,ระดับน้ำตู้ชิลเลอร์ เครื่อง LM06 ต่ำ,LM,แก้ไขแล้ว
169,2022-06-13,เครื่องปั้ม PP-01 กดปรับไดไฮไม่ได้,PP,แก้ไขแล้ว
170,2022-06-13,สวิทพัดลมข้างเครื่อง mc-12 ใช้งานไม่ได้,MC,แก้ไขแล้ว
171,2022-06-13,ฝาคลอบกล่องเครนร่วง,LM,แก้ไขแล้ว
172,2022-06-13,WD01 ลวดออกอย่าเดียวครับไฟไม่ออก,WD,แก้ไขแล้ว
173,2022-06-14,WR-16มีปัญหา,WR,แก้ไขแล้ว
174,2022-06-14,Pm-01 อราม,PM,แก้ไขแล้ว
175,2022-06-14,MC01 อามค้าง,MC,แก้ไขแล้ว
176,2022-06-14,ตู้เชื่อม WD-20 เปิด-ปิดไม่ได้,WD,แก้ไขแล้ว
177,2022-06-14,Lm-01 อราม,LM,แก้ไขแล้ว
178,2022-06-15,เครื่องยิงทรายอยุ่ดีๆๆก็ดับ,PT,แก้ไขแล้ว
179,2022-06-15,Mc-11เวลากดเปลื่ยนทูลมีเสียงลมดังผิกปกดิ,MC,แก้ไขแล้ว
180,2022-06-15,Wr-01 ลวดไม่ออก,WR,แก้ไขแล้ว
181,2022-06-15,WD-01 ตอนนี้เครื่องอยุดทำงาน,WD,แก้ไขแล้ว
182,2022-06-15,ปั๊มตัน,PT,แก้ไขแล้ว
183,2022-06-15,MC-01 อามค้าง,MC,แก้ไขแล้ว
184,2022-06-15,Lm-01 อราม,LM,แก้ไขแล้ว
185,2022-06-15,ML 05อราม,ML,แก้ไขแล้ว
186,2022-06-15,wr 27 มีปัญหา,WR,แก้ไขแล้ว
187,2022-06-16,น้ำมันเกียร์น่าจะมีปัญหา อากาศมันไหลย้อนเข้า no.1,WD,แก้ไขแล้ว
188,2022-06-16,wr 03 พัดลมระบายความร้อนหลังเครื่องใบแตก 1 ตัว,WR,แก้ไขแล้ว
189,2022-06-16,PC03 มอเตอร์ไม่ทำงาน,PC,แก้ไขแล้ว
190,2022-06-16,MC11 เวลาเปลี่ยนทูลมีเสียงดังผิดปรกติ,MC,แก้ไขแล้ว
191,2022-06-16,เจาะรูประมาณ 2 ซม บนบูสพ่น,MC,แก้ไขแล้ว
192,2022-06-16,โซ่มีเครื่องพ่นทรายปัญหา,PT,แก้ไขแล้ว
193,2022-06-16,Wr 20 Co2 รั่ว,WR,แก้ไขแล้ว
194,2022-06-16,WR-12  ไฟอะลาม เชื่อมงานไม่ได้,WR,แก้ไขแล้ว
195,2022-06-16,MC-10 อราม,MC,แก้ไขแล้ว
196,2022-06-16,เครื่องโลหั้ยมีปัญหา,MC,แก้ไขแล้ว
197,2022-06-16,Tm04 เปิดไม่ติด,TM,แก้ไขแล้ว
198,2022-06-17,เกจวัดของฝุ่นไม่ทำงาน,MC,แก้ไขแล้ว
199,2022-06-17,ตู้ดัสเครื่องLM05 ไม่ทำงาน,LM,แก้ไขแล้ว
200,2022-06-17,ไฟท้ายไลน์  WD2 ตัด,WD,แก้ไขแล้ว
201,2022-06-17,Lm01 อราม,LM,แก้ไขแล้ว
202,2022-06-17,MC-01 อามค้าง,MC,แก้ไขแล้ว
203,2022-06-17,Lm06 อราม,LM,แก้ไขแล้ว
204,2022-06-17,ครม no.02 แผนก LM กดไม่ติด,LM,แก้ไขแล้ว
205,2022-06-17,ดูปั้มมีปัญหา,PT,แก้ไขแล้ว
206,2022-06-17,MC01 อามค้าง,MC,แก้ไขแล้ว
207,2022-06-17,ปุ่มกดเครนใช้ไม่ได้,WD1,แก้ไขแล้ว
208,2022-06-17,MC01 อามค้าง,MC,แก้ไขแล้ว
209,2022-06-17,พลาสม่าที่แผนก WD 3 เครื่องไม่สามารถใช้งานได้,WD,แก้ไขแล้ว
210,2022-06-17,สายพานขี้เหล็กเดินหน้าไม่ได้,MC,แก้ไขแล้ว
211,2022-06-18,MC ลมตก,MC,แก้ไขแล้ว
212,2022-06-18,PC03 ใช้งานไม่,PC,แก้ไขแล้ว
213,2022-06-18,เครื่อง SPOT ทำงานไม่ได้,PB,แก้ไขแล้ว
214,2022-06-18,pc02 น้ำยาไหลไม่หยุด,PC,แก้ไขแล้ว
215,2022-06-18,เครื่อง ML07 ทูลไม่หมุน,ML,แก้ไขแล้ว
216,2022-06-18,ML04 น้ำมันไฮดรอลิคหมด,ML,แก้ไขแล้ว
217,2022-06-18,ปั๊มลมไม่ทำงาน,PT,แก้ไขแล้ว
218,2022-06-18,โซ๋เครื่องพ่นทรายมีปัญหา,PT,แก้ไขแล้ว
219,2022-06-20,ตู้เชื่อมWD20กดลวดไม่ออก,WD,แก้ไขแล้ว
220,2022-06-20,สายไฟขาด,WD,แก้ไขแล้ว
221,2022-06-20,Lm01 อราม,LM,แก้ไขแล้ว
222,2022-06-20, แอร์ WD12  ไม่เย็นครับออกแต่ลม,WD,แก้ไขแล้ว
223,2022-06-20,Wr 20 พัดลมระบายความร้อน เสีย 1 ตัว,WR,แก้ไขแล้ว
224,2022-06-20,wr01  มีปัญหา,WR,แก้ไขแล้ว
225,2022-06-20,ตัวล็อคไม่เปิด,PT,แก้ไขแล้ว
226,2022-06-21,Ml06หัวทูลล็อก,ML,แก้ไขแล้ว
227,2022-06-21,Mc11อามค้าง,MC,แก้ไขแล้ว
228,2022-06-21,Wr 03 ลวดไม่ออก,WR,แก้ไขแล้ว
229,2022-06-21,ปั๊มน้ำไม่ไป,PT,แก้ไขแล้ว
230,2022-06-21,พัดลมเสีย,FG,แก้ไขแล้ว
231,2022-06-21,WR22รีโมทคอนโทรลใช้งานไม่ได้,WR,แก้ไขแล้ว
232,2022-06-21,เครื่องยิงทรายมันดับ,PT,แก้ไขแล้ว
233,2022-06-21,น็อตร่วงจากเครื่องปั้ม PP01,PB,แก้ไขแล้ว
234,2022-06-22,MC-01 ตัวล็อกทูลไม่แน่น ทำให้ปาดงานไม่ได้,MC,แก้ไขแล้ว
235,2022-06-22,กล่องไฟเครนหลุด,LM,แก้ไขแล้ว
236,2022-06-22,สายส่งลวดตันครับ WR11,WR,แก้ไขแล้ว
237,2022-06-22,เครื่องปั้ม PP-01 กดปรับไดไฮไม่ได้,PB,แก้ไขแล้ว
238,2022-06-22,คอมพิวเตอร์แผนก w r ใช้งานไม่ได้,WR,แก้ไขแล้ว
239,2022-06-23,WD-31 Co2 รั่ว,WD,แก้ไขแล้ว
240,2022-06-23,ฝนตกน้ำรั่วใส่งาน จากประตูม้วนด้านใน,PT,แก้ไขแล้ว
241,2022-06-23,MC11 อราม,MC,แก้ไขแล้ว
242,2022-06-23,MC08 น้ำรั่ว,MC,แก้ไขแล้ว
243,2022-06-23,ไฟโรงสีหน่อยครับไฟดับ,PT,แก้ไขแล้ว
244,2022-06-23,Laser. โหลดงานไม้ได้,LM,แก้ไขแล้ว
245,2022-06-24,Lm05 อราม,LM,แก้ไขแล้ว
246,2022-06-24,คอมพิวเตอร์แผนก w r ไม่มีโปรแกรมเซฟเวอร์,WR,แก้ไขแล้ว
247,2022-06-24,อัดจารบีเครื่อง PP 01 หมด,PB,แก้ไขแล้ว
248,2022-06-24,ครื่อง TM13 น้ำมันรั่วค,TM,แก้ไขแล้ว
249,2022-06-24,ไฟไม่เข้าเครื่องสำรองไฟ Server ที่ตู้,WR,แก้ไขแล้ว
250,2022-06-24,แรงดันน้ำมีปัญหา,PT,แก้ไขแล้ว
251,2022-06-24,ปั๊มน้ำเปิดแล้วมันทริป,PT,แก้ไขแล้ว
252,2022-06-24,โมทคอลโทรลWR22ใช้งานไม่ได้,WR,แก้ไขแล้ว
253,2022-06-24,Lm01 โหลดโปรแกรมไม่ได้,LM,แก้ไขแล้ว
254,2022-06-24,wr01 อราม,WR,แก้ไขแล้ว
255,2022-06-24,Wr16-17แคมดีด,WR,แก้ไขแล้ว
256,2022-06-24,วาล์วน้ำมันเครื่องปั้ม 01 มีน้ำไหล,PT,แก้ไขแล้ว
257,2022-06-24,เครื่องปั้ม PP 01 ตัดงานไม่ขาด,PB,แก้ไขแล้ว
258,2022-06-24,ComแผนกLmใช้งานไม่ได้,LM,แก้ไขแล้ว
259,2022-06-24,Lm05โหลดงานไม่ได้,LM,แก้ไขแล้ว
260,2022-06-24,เครื่องMl03 ไม่รู้อะไรหลุด,ML,แก้ไขแล้ว
261,2022-06-24,Lm01. เปลี่ยนถาดไม่ได้ครับ,LM,แก้ไขแล้ว
262,2022-06-25,WD 24 ลวดไหลไม่หยุด,WD,แก้ไขแล้ว
263,2022-06-25,PB 03 อาราม,PB,แก้ไขแล้ว
264,2022-06-25,สัญญาณเน็ตหน้างานไลน์WD.2.WD.3คอมใช้ไม่ได้,WD,แก้ไขแล้ว
265,2022-06-25,เข้าเซิฟเวอร์ไม่ได้ ที่แผนก HR.,HR,แก้ไขแล้ว
266,2022-06-25,ยังใช้ไม่ได้ครับไม่มีโปรแกม ATT server ,WD,แก้ไขแล้ว
267,2022-06-25,เปลี่ยนกรองปรับลม,WR,แก้ไขแล้ว
268,2022-06-25,LM เข้าเซิฟเวอร์ ไม่ได้,LM,แก้ไขแล้ว
269,2022-06-25,สายเครนเลื่อนไม่ไป,LM,แก้ไขแล้ว
270,2022-06-25,Mc12อามค้าง,MC,แก้ไขแล้ว
271,2022-06-26,ตั้งแสงเสาเซ็นเซอร์,LM,แก้ไขแล้ว
272,2022-06-26,อินเตอร์เน็ตโรงงานใช้ไม่ได้,ส่วนกลาง,แก้ไขแล้ว
273,2022-06-26,ตัวประคองเครนหลุด,LM,แก้ไขแล้ว
274,2022-06-26,คอมแผนก LM เข้าอินเตอร์เน็ตไม่ได้,LM,แก้ไขแล้ว
275,2022-06-27,คอม WD2 เน็ตใช้ไม่ได้,WD,แก้ไขแล้ว
276,2022-06-27,เครื่องปริ้นเหล็กมีปัญหา,MC,แก้ไขแล้ว
277,2022-06-27,คอม WD2 เน็ตใช้ไม่ได้,WD,แก้ไขแล้ว
278,2022-06-27,ตู้อบ อุณหภูมิไม่ขึ้น,PT,แก้ไขแล้ว
279,2022-06-27,MC-01 อามค้าง,MC,แก้ไขแล้ว
280,2022-06-28,Ml02อาราม,ML,แก้ไขแล้ว
281,2022-06-28,Mc08น้ำรั่วทางหลังเครื่อง,MC,แก้ไขแล้ว
282,2022-06-28,fgไฟดับ,FG,แก้ไขแล้ว
283,2022-06-28,ML-03สายพรานดัง,ML,แก้ไขแล้ว
284,2022-06-28,คอม WD3  WIFI  ใช้ไม่ได้,WD,แก้ไขแล้ว
285,2022-06-28,พัดลมเสีย,FG,แก้ไขแล้ว
286,2022-06-28,กล่องเครนจะหลุด,LM,แก้ไขแล้ว
287,2022-06-28,เครื่องรีชายมีปัญหา,PT,แก้ไขแล้ว
288,2022-06-28,Lm06 อราม,LM,แก้ไขแล้ว
289,2022-06-28,ML05 อรามแกน Z ผิดปรกติ,ML,แก้ไขแล้ว
290,2022-06-28,MC08 น้ำเริ่มไหลอี,MC,แก้ไขแล้ว
291,2022-06-28,PB 03 อาราม,PB,แก้ไขแล้ว
292,2022-06-28,ตู้แอร์ WD01 ไม่เย็น,WD,แก้ไขแล้ว
293,2022-06-28,แอร์ที่fg มีน้ำหยด และแอร์เริ่มไม่เย็น,FG,แก้ไขแล้ว
294,2022-06-28,ML-02อาราม,ML,แก้ไขแล้ว
295,2022-06-28,Lm05 มีอราม,LM,แก้ไขแล้ว
296,2022-06-28,ตู้แอร์WD3ไม่เย็น,WD,แก้ไขแล้ว
297,2022-06-28,Mc10อาราม,MC,แก้ไขแล้ว
298,2022-06-28,Lm01อราม,LM,แก้ไขแล้ว
299,2022-06-29,พัดลมเครื่อง MC01 น๊อตหลุด,MC,แก้ไขแล้ว
300,2022-06-29,เครื่องปลิ้น LM ปลิ้นเอกสารไม่ออก,LM,แก้ไขแล้ว
301,2022-06-29,คอม LM เชื่อมไม่เข้า,LM,แก้ไขแล้ว
302,2022-06-29,MC08 รางทิ้งขี้เหล็กไม่หมุน,MC,แก้ไขแล้ว
303,2022-06-29,โคมไฟแสงจันทร์ร่วงและสายไฟขาด,EN,แก้ไขแล้ว
304,2022-06-29,PB 03 อาราม,PB,แก้ไขแล้ว
305,2022-06-29,ML-02อาราม,ML,แก้ไขแล้ว
306,2022-06-29,เครื่อง PB 05 Stopper ขยับ,PB,แก้ไขแล้ว
307,2022-06-29,ML02 อราม,ML,แก้ไขแล้ว
308,2022-06-29,MC10 อราม,MC,แก้ไขแล้ว
309,2022-06-29,ผ้าปูรองเครื่องยิงทรายใช้งานได้ต่อหรือรอเปลี่ยน,PT,แก้ไขแล้ว
310,2022-06-29,Lm01อราม,LM,แก้ไขแล้ว
311,2022-06-29,มอเตอร์ห้องพ่นสี,PT,แก้ไขแล้ว
312,2022-06-30,สายลม ML04 แตก,ML,แก้ไขแล้ว
313,2022-06-30,WR-13สายส่งลวดขาด,WR,แก้ไขแล้ว
314,2022-06-30,Wr -02 มีปัญหา,WR,แก้ไขแล้ว
315,2022-06-30,MC-01น้ำไหลไม่หยุด,MC,แก้ไขแล้ว
316,2022-06-30,มอเตอร์ roll ไหม้,WR,แก้ไขแล้ว
317,2022-06-30,WD-37 erorr,WD,แก้ไขแล้ว
318,2022-06-30,ตู้อบยังมีปัญหาเรื่องอุณหภูมิ ขึ้นไม่ถึง 100,PT,แก้ไขแล้ว
319,2022-06-30,Lm01 อราม,LM,แก้ไขแล้ว
320,2022-07-01,clamp กดไม่ขึ้น,WD,แก้ไขแล้ว
321,2022-07-01,Pallet lock,MC,แก้ไขแล้ว
322,2022-07-01,comแผนกLMเข้าใช้งานไม่ได้,LM,แก้ไขแล้ว
323,2022-07-01,ตัวล็อคประตู,PT,แก้ไขแล้ว
324,2022-07-01,ไฟดับ,MC,แก้ไขแล้ว
325,2022-07-01,ไฟดับโรงสี,PT,แก้ไขแล้ว
326,2022-07-01,WD-37 อราม,WD,แก้ไขแล้ว
327,2022-07-01,WD-37 อราม,WD,แก้ไขแล้ว
328,2022-07-01, ML-07 ป้อนเหล็กเข้าเครื่องไม่ไป,ML,แก้ไขแล้ว
329,2022-07-01,comแผนกLMเข้าใช้งานไม่ได้,LM,แก้ไขแล้ว
330,2022-07-02,เครนno.2แผนกLMปุ่มกดใช้งานไม่ได้,LM,แก้ไขแล้ว
331,2022-07-02,แค้มล็อคงานเครื่อง LM- 05 พัง,LM,แก้ไขแล้ว
332,2022-07-02,MC ไม่มีลม,MC,แก้ไขแล้ว
333,2022-07-03,LM ระบบ WIFI ยังใช้ไม่ได้,LM ,แก้ไขแล้ว
334,2022-07-04,คอมแผนก MC ปริ๊นซ์ไม่ได้,MC,แก้ไขแล้ว
335,2022-07-04,เครนทร่แผนกเลเซอร์มีกดไม่เดิน,เลเซอร์,แก้ไขแล้ว
336,2022-07-04,WR -11 co2 ไม่ออก,WR,แก้ไขแล้ว
337,2022-07-04,WD-23 สายลวดเชื่อมละลาย,WD,แก้ไขแล้ว
338,2022-07-04,คอมที่แผนกเลเซอร์มีปัญหา,เลเซอร์,แก้ไขแล้ว
339,2022-07-04,ระดับน้ำตู้chillerเครื่องLM-05ต่ำกว่าระดับที่กำหนดไว้,LM,แก้ไขแล้ว
340,2022-07-05,น็อตเครื่องปั้ม PP-01 หลุด,PP,แก้ไขแล้ว
341,2022-07-05,WR-12 เครื่องมีปัญหา,WR,แก้ไขแล้ว
342,2022-07-05,LM-01 อราม,LM,แก้ไขแล้ว
343,2022-07-05,WD-37 อราม,WD,แก้ไขแล้ว
344,2022-07-05,ML-07 เดินเครื่องไม่ได้,ML,แก้ไขแล้ว
345,2022-07-05,ตู้อบชิ้นงานมีปัญหา,PT,แก้ไขแล้ว
346,2022-07-05,ML-02 อาราม,ML,แก้ไขแล้ว
347,2022-07-05,ML02 อราม,ML,แก้ไขแล้ว
348,2022-07-05,robot WR 16 17 สายส่งลวดชำรุด,WR,แก้ไขแล้ว
349,2022-07-06,Lm-06 อราม,LM,แก้ไขแล้ว
350,2022-07-06,Wr-17 ลูกปืนล้อส่งลวดแตกลวดไม่ออก,WR,แก้ไขแล้ว
351,2022-07-06,เครื่องยิงทรายเสียงดังผิดปกติ,PT,แก้ไขแล้ว
352,2022-07-06,MC-05 อราม,MC,แก้ไขแล้ว
353,2022-07-06,Lm05อาราม,LM,แก้ไขแล้ว
354,2022-07-06,เคนเครื่องlow กดไม่ได้,LM,แก้ไขแล้ว
355,2022-07-06,พื้นบริเวณหน้าลาย WR ชำรุดค,WR,แก้ไขแล้ว
356,2022-07-06,ML07 สายพานไม่ไหล,ML,แก้ไขแล้ว
357,2022-07-06,เครื่องพ้นทรายทรายรั่ว,PT,แก้ไขแล้ว
358,2022-07-06,PB-05 ไฮโดรลิคฝั่งขวาตก ไม่สามารถทำงานต่อได้,PB,แก้ไขแล้ว
359,2022-07-06,เครื่องปริ้นเครื่องชั่งเศษเหล็กเลขไม่ขึ้น,LM,แก้ไขแล้ว
360,2022-07-06,สายกาว robot WR-02 ชำรุดค,WR,แก้ไขแล้ว
361,2022-07-07,WD-24 สายขาด,WD,แก้ไขแล้ว
362,2022-07-07,มาดู Booth พ่นสีไม่ดูด,PT,แก้ไขแล้ว
363,2022-07-07,Lm-05 อาราม,LM,แก้ไขแล้ว
364,2022-07-07,WD-24 ตู้เชื่อมเปิดไม่ติด,WD,แก้ไขแล้ว
365,2022-07-07,PC-02 ตัดงานไม่ได้,PC,แก้ไขแล้ว
366,2022-07-08,MC-02 อราม,MC,แก้ไขแล้ว
367,2022-07-08,ดูห้องพ่นสีไม่ดูด,PT,แก้ไขแล้ว
368,2022-07-08,คอมพิวเตอร์แผนก WR ใช้งานไม่ได้,WR,แก้ไขแล้ว
369,2022-07-08,MC-02 alarm,MC,แก้ไขแล้ว
370,2022-07-08,คอมแผนกLmเข้าใช้งานไม่ได้,LM,แก้ไขแล้ว
371,2022-07-08, ลมรั่ว แผนกQCโรงพ่นสี,QC,แก้ไขแล้ว
372,2022-07-08, MC-05 alarm,MC,แก้ไขแล้ว
373,2022-07-09, แผนกFGใช้เน็ตไม่ได,FG,แก้ไขแล้ว
374,2022-07-09, คอมแผนกLMใช้เน็ตไม่ได้,LM,แก้ไขแล้ว
375,2022-07-09, สายส่งลวด WR-21 ชำรุดค,WR,แก้ไขแล้ว
376,2022-07-09, เอานกออกจากเครื่องจักรPB-06 ,PB,แก้ไขแล้ว
377,2022-07-09,PTใช้เน็ตไม่ได้,PT,แก้ไขแล้ว
378,2022-07-09,ML-07 อราม,ML,แก้ไขแล้ว
379,2022-07-09,PC-02ครับกดRESETแล้วไม่หาย,PC,แก้ไขแล้ว
380,2022-07-09,แผงหลอดไฟหน้าเครื่อง PP-01 หลุดมาทั้งแผง,PP,แก้ไขแล้ว
381,2022-07-09,เชื่อม WD-31 ตรวจสอบพบแก๊ส co2 รั่ว,WD,แก้ไขแล้ว
382,2022-07-09,ช่างช่วยมาดูแอร์ฝั่งแผนกบุคคล,HR,แก้ไขแล้ว
383,2022-07-09,PB-03 เสียงเครื่องดังผิดปกติ,PB,แก้ไขแล้ว
384,2022-07-09,แผนกLMไม่มีลมใช้,LM,แก้ไขแล้ว
385,2022-07-09,LM-01 อาราม,LM,แก้ไขแล้ว
386,2022-07-10,ปุ่มรีสตาร์ท robot WR-21 ใช้งานในการควบคุมไม่ได้,WR,แก้ไขแล้ว
387,2022-07-10,แคมล็อคชิ้นงานเครื่องLM-05ใช้งานไม่ได้,LM,แก้ไขแล้ว
388,2022-07-11,MC-01 ทูลล็อคถอดไม่ออก,MC,แก้ไขแล้ว
389,2022-07-11,เครื่องยิงทรายทรายรั้ว,PT,แก้ไขแล้ว
390,2022-07-11,WR-19ปุ่มคลิกไม่ได้,WR,แก้ไขแล้ว
391,2022-07-11,MC-05อาราม,MC,แก้ไขแล้ว
392,2022-07-11,WR-11 ปุ่มกดไม่ติด,WR,แก้ไขแล้ว
393,2022-07-11,ตู้เชื่อม WD-32 เปิดไม่ได้,WD,แก้ไขแล้ว
394,2022-07-11,เครื่องยิงทรายมีเสียงแปลกๆ,PT,แก้ไขแล้ว
395,2022-07-11,สายลวดเชื่อม Robot 12 ชำรุด,WR,แก้ไขแล้ว
396,2022-07-11,ไฟส่องสว่างโรบอทเครื่องจีนไม่ติด,WR,แก้ไขแล้ว
397,2022-07-11,เครนเครื่องmc09กดไม่ติด,MC,แก้ไขแล้ว
398,2022-07-11,ท่อรองน้ำตรงโรงสีหลุด,PT,แก้ไขแล้ว
399,2022-07-11,Lm05เปลี่ยนถาดไม่ได้ครับ,LM,แก้ไขแล้ว
400,2022-07-11,เซนเซอร์ค้างครับ Jig YD. Robot 19,WR,แก้ไขแล้ว
401,2022-07-12,คอมลายLM เปิดไม่ติด,LM,แก้ไขแล้ว
402,2022-07-12,ประตู แผนก PT ค้าง,PT,แก้ไขแล้ว
403,2022-07-12,Ml-07สายพานขี้เหล็กไม่ไหล,MC,แก้ไขแล้ว
404,2022-07-12,WD2 WR19  ใส่  PART แล้วเครื่องไม่ทำงาน,WR,แก้ไขแล้ว
405,2022-07-12,สายดิน robot wr 02 ขาด,WR,แก้ไขแล้ว
406,2022-07-12, เกรวัดแรงดันน้ำหลังบ่อ 6 มีปัญหา,PT,แก้ไขแล้ว
407,2022-07-12,ไฟหน้าตู้อบชิ้นงานติดๆดับๆ,PT,แก้ไขแล้ว
408,2022-07-12,"ML08 , ML12 มีน้ำมันและน้ำยารั่วใต้เครื่องจักร",MC,แก้ไขแล้ว
409,2022-07-12,Lm01 อราม,LM,แก้ไขแล้ว
410,2022-07-13,คอมเข้าเน็ตไม่ได้ แผนก PT,PT,แก้ไขแล้ว
411,2022-07-13,คอมLMเปิดไม่ติด,LM,แก้ไขแล้ว
412,2022-07-13,KZ03 แกนขาด,MC,แก้ไขแล้ว
413,2022-07-13,เครื่อง Ml-07 สายพานขี้เหล็กไม่ไหล,MC,แก้ไขแล้ว
414,2022-07-13,คอมโรงสีไม่สามารถยิง​Job.ได้,PT,แก้ไขแล้ว
415,2022-07-14,ML-11 รางขี้เหล็กไม่ไหล,MC,แก้ไขแล้ว
416,2022-07-14,เข้ารหัส WIFI PB ไม่ได้,PB,แก้ไขแล้ว
417,2022-07-14,MC-10อาร์มค้าง,MC,แก้ไขแล้ว
418,2022-07-14,เครื่องกำปไนล์มีปัญหา,MC,แก้ไขแล้ว
419,2022-07-14,เครื่องยิงทรายทรายรั่ว,PT,แก้ไขแล้ว
420,2022-07-14,ML-11 มีเสียงดังผิดปกติ,MC,แก้ไขแล้ว
421,2022-07-14,คอมเข้าใช้ Wifi ยิง Job งานไม่ได้,PT,แก้ไขแล้ว
422,2022-07-15,คอม MT เข้า ipasไม่ได้,MT,แก้ไขแล้ว
423,2022-07-15,Lm06 อราม,LM,แก้ไขแล้ว
424,2022-07-15,Lm01 อราม,LM,แก้ไขแล้ว
425,2022-07-15,ต่อสายพัดลมในตู้ไฟเครื่อง PP-01 หน่อย,PP,แก้ไขแล้ว
426,2022-07-15,เครื่องปั้ม pp 01 หน่อยครับดังผิดปกติ,PP,แก้ไขแล้ว
427,2022-07-15,BS-04 เครื่อง alarm เปลี่ยน​ใบเลื่อยหลายรอบแล้วไม่หาย,MC,แก้ไขแล้ว
428,2022-07-15,เคริ่องยิงทรายทรายรั่ว,PT,แก้ไขแล้ว
429,2022-07-15,เครื่องพลาสม่ามีปัญหา,LM,แก้ไขแล้ว
430,2022-07-16,ML-07 เหมือนรูน้ำมันตัน ไม่ค่อยไหล,MC,แก้ไขแล้ว
431,2022-07-16,robot wr03 พัดลมระบายความร้อนไม่หมุน,MT,แก้ไขแล้ว
432,2022-07-16, mL-07 รางมีเสียงดังผิดปกติและรางมีปัญหา,MC,แก้ไขแล้ว
433,2022-07-17,Lm01 เปลี่ยนถาดไม่ได้,LM,แก้ไขแล้ว
434,2022-07-18,เคริ่องยิงทรายโซ่มีปัญหา,PT,แก้ไขแล้ว
435,2022-07-18,LM - 01 อราม,LM,แก้ไขแล้ว
436,2022-07-18,เคนLM กดไม่ติด,LM,แก้ไขแล้ว
437,2022-07-18,mc09สายน้ำแตก,MC,แก้ไขแล้ว
438,2022-07-18,Mc 09น้ำไม่ไหลกลับถังค่,MC,แก้ไขแล้ว
439,2022-07-18,เครื่องยิงทรายมีเสียงดังผิดปกติ,PT,แก้ไขแล้ว
440,2022-07-18,ML-02อาราม,MC,แก้ไขแล้ว
441,2022-07-19,WR27 มีปัญหา,WR,แก้ไขแล้ว
442,2022-07-19,มอเตอร์ห้องพ่นสีมีปัญหา,PT,แก้ไขแล้ว
443,2022-07-19,เครื่องพลาสม่ามีปัญหา,LM,แก้ไขแล้ว
444,2022-07-19,เครื่องพลาสม่ามีปัญหา,LM,แก้ไขแล้ว
445,2022-07-19, wr 23 ระบบการเดินของ robotผิดปกติ,WR,แก้ไขแล้ว
446,2022-07-19,ก็อกน้ำอ่างล้างมือตรงข้างโรงพ่นสีรั่ว,PT,แก้ไขแล้ว
447,2022-07-20,MC-05 อราม,MC,แก้ไขแล้ว
448,2022-07-20,Lm06 oil shot ไม่ออก,LM,แก้ไขแล้ว
449,2022-07-20,MC01 อามค้าง,MC,แก้ไขแล้ว
450,2022-07-20,เครื่องยิงทรายรั่วครับ  รั่วจุดเดิม,PT,แก้ไขแล้ว
451,2022-07-20,เครื่องปั้ม PP-01มีปัญหา,PP,แก้ไขแล้ว
452,2022-07-20,LM-01 เปลี่ยนถาดไม่ได,LM,แก้ไขแล้ว
453,2022-07-20,MC-01อะรามอามค้าง,MC,แก้ไขแล้ว
454,2022-07-20,เครื่องml07 ขี้เหล็กไม่ออก,MC,แก้ไขแล้ว
455,2022-07-20,ML04 ขาจับล็อคงานไม่อยู่,MC,แก้ไขแล้ว
456,2022-07-20,Lm06สายลมพอง,LM,แก้ไขแล้ว
457,2022-07-20,MC-10 ฐานไม่หมุนค,MC,แก้ไขแล้ว
458,2022-07-21,พัดลมหน้าเครื่อง MC08 ปิดไม่ได้,MC,แก้ไขแล้ว
459,2022-07-21,MC08 เปิดน้ำหัวสปินเดิลไม่ได้ค่,MC,แก้ไขแล้ว
460,2022-07-21,ปุ่มกดเครนno.1ตัวNแผนกLmใช้งานไม่ได้,LM,แก้ไขแล้ว
461,2022-07-21,Lm06เปลี่ยนถาดไม่ได้,LM,แก้ไขแล้ว
462,2022-07-21,พัดลม MC08 ปิดไม่ได้,MC,แก้ไขแล้ว
463,2022-07-21,MC01 อราม,MC,แก้ไขแล้ว
464,2022-07-21,Lm01 อราม,LM,แก้ไขแล้ว
465,2022-07-22,สวิสไฟเลนบ่อล้าง ที่2 มีปัญหา,PT,แก้ไขแล้ว
466,2022-07-22,MC-01 อามค้าง,MC,แก้ไขแล้ว
467,2022-07-22,สายน้ำมันแตก,MC,แก้ไขแล้ว
468,2022-07-22,Mc08น้ำไม่ออกเวลาทำงาน,MC,แก้ไขแล้ว
469,2022-07-22,MC-05 อราม,MC,แก้ไขแล้ว
470,2022-07-22,Lm01 เปลี่ยนถาดไม่ได้,LM,แก้ไขแล้ว
471,2022-07-22,TM-13น็อตหลุด,TM,แก้ไขแล้ว
472,2022-07-22,Mc-01อาร์มค้าง,MC,แก้ไขแล้ว
473,2022-07-22,น็อตเครื่องทิ้งทรายจะหลุด,PT,แก้ไขแล้ว
474,2022-07-22,robot wr 21 พัดลมระบายความร้อนไม่ทำงาน 1 ตัว,WR,แก้ไขแล้ว
475,2022-07-22,Lm05อาราม,LM,แก้ไขแล้ว
476,2022-07-23,เครื่องปั้ม PP-01 ลมรั่วเยอะปั้มงานไม่ได,PP,แก้ไขแล้ว
477,2022-07-23,Lm01 อาราม conveyor,LM,แก้ไขแล้ว
478,2022-07-23,MC01 alarm,MC,แก้ไขแล้ว
479,2022-07-23,เครื่องยิงทรายมีทรายรั้ว,PT,แก้ไขแล้ว
480,2022-07-23,Lm05อาราม,LM,แก้ไขแล้ว
481,2022-07-23,แอร์บน ออฟฟิศรั่ว,PL,แก้ไขแล้ว
482,2022-07-24,เครื่อง PB -03  aram,PB,แก้ไขแล้ว
483,2022-07-24,MC01น้ำมันมีปัญหา,MC,แก้ไขแล้ว
484,2022-07-24, robot  wr16 ไฟดูดพนักงาน,WR,แก้ไขแล้ว
485,2022-07-24,N0.08 เดินหน้าไม่ได้,WD3 ,แก้ไขแล้ว
486,2022-07-24,เครื่อง Ml-07 ไฟที่ปุ่มไม่ขึ้น,MC,แก้ไขแล้ว
487,2022-07-25,น้ำรั่วข้างเครื่องmc02,MC,แก้ไขแล้ว
488,2022-07-25,bending 03 ไม่สามารถใช้งานได้,เลเซอร์,แก้ไขแล้ว
489,2022-07-25,ถุงใส่โซ่เครนแผนกLMขาด,LM,แก้ไขแล้ว
490,2022-07-26,WR28 move ไม่ทำงาน,WR,แก้ไขแล้ว
491,2022-07-26,ตั้งแสงเสาเซนเซอร์หน่อยครับ,เลเซอร์,แก้ไขแล้ว
492,2022-07-26,LM06ตู้DUSTไม่ดูดควัน,LM,แก้ไขแล้ว
493,2022-07-27,เครื่องพลาสม่ามีปัญหา,LM,แก้ไขแล้ว
494,2022-07-27,มาดูแอร์โรงสีมีปัญหา,PT,แก้ไขแล้ว
495,2022-07-27,PB 03 Alam,PB,แก้ไขแล้ว
496,2022-07-28,PB 03 Alam,PB,แก้ไขแล้ว
497,2022-07-28,MC-10 ลงไม่สุด,MC,แก้ไขแล้ว
498,2022-07-29,ช่างเติมน้ำมันให้หรือยังครับ PB 02,PB,แก้ไขแล้ว
499,2022-07-29,WD-35 งานไม่ได้,WD,แก้ไขแล้ว
500,2022-07-29,Lm1 เปลี่ยนถาดไม่ได้,LM,แก้ไขแล้ว
501,2022-07-31,lm01 แสงหาย,LM,แก้ไขแล้ว
502,2022-08-01,หน้าเครื่อง MC01 มีปัญหา,MC,แก้ไขแล้ว
503,2022-08-01,PB 03 อราม,PB,แก้ไขแล้ว
504,2022-08-01,มอเตอร์ส่งลวดตู้เชื่อม WD 29 ไม่ทำงาน,WD,แก้ไขแล้ว
505,2022-08-01,ตั้งโช๊เครื่องพ้นทราย,PT,แก้ไขแล้ว
506,2022-08-01,PB 03 อราม,PB,แก้ไขแล้ว
507,2022-08-02,WR11 มีปัญหา,WR,แก้ไขแล้ว
508,2022-08-02,ประตูโรงพ่นสีมีปัญหา,PT,แก้ไขแล้ว
509,2022-08-02,ผ้าใบเชือกขาดแผนก MC,MC,แก้ไขแล้ว
510,2022-08-02,wr 21 พัดลมระบายความร้อนไม่หมุน 1 ตัว,WR,แก้ไขแล้ว
511,2022-08-02,PB 03 อราม,PB,แก้ไขแล้ว
512,2022-08-02,PB 03 อราม,PB,แก้ไขแล้ว
513,2022-08-02,Lm01 อราม,LM,แก้ไขแล้ว
514,2022-08-02,Lm01 อราม,LM,แก้ไขแล้ว
515,2022-08-02,Lm01 อราม,LM,แก้ไขแล้ว
516,2022-08-02,Lm01 อราม,LM,แก้ไขแล้ว
517,2022-08-02,PC-02 อราม,PC,แก้ไขแล้ว
518,2022-08-02,Mc08 มันไม่หมุน,MC,แก้ไขแล้ว
519,2022-08-02,เครื่องยิงทรายโซ่ขาด,PT,แก้ไขแล้ว
520,2022-08-03,ML-04 อาราม,MC,แก้ไขแล้ว
521,2022-08-03,เครื่องพ้นทรายมีทรายรั้ว,PT,แก้ไขแล้ว
522,2022-08-04,Lm01 อราม,LM,แก้ไขแล้ว
523,2022-08-04,ML-04 ขาดันเหล็กไม่สุด,MC,แก้ไขแล้ว
524,2022-08-04,Mc08  ship converyor screw หลุดหลุด,MC,แก้ไขแล้ว
525,2022-08-04,LM 06 ตัดงานไม่ขาดและตัดงานเป็นครีบ,LM,แก้ไขแล้ว
526,2022-08-04,เครื่องขัด แผนกQC ไม่หมุน,QC,แก้ไขแล้ว
527,2022-08-04,Pc-02 อราม,PC,แก้ไขแล้ว
528,2022-08-04,Wr 22 ปุ่มกด start ใช้ไม่ได้,WR,แก้ไขแล้ว
529,2022-08-04,สายส่งลวดขาด Wr 21,WR,แก้ไขแล้ว
530,2022-08-04,LM 05 ดึงถาดออกมาไม่ได้,LM,แก้ไขแล้ว
531,2022-08-05,ML-06สายลมแตก,MC,แก้ไขแล้ว
532,2022-08-05,Mc01กดสับเปลื่ยนทูนไม่ได้,MC,แก้ไขแล้ว
533,2022-08-05,LM 05  เสารอยเชื่อมหลุด,LM,แก้ไขแล้ว
534,2022-08-05,กระดาษกาวไม่อยู่เอา 3M มาติดแอร์,ออฟฟิศ,แก้ไขแล้ว
535,2022-08-05,หัวปืนยิงทรายมีปํญหา,PT,แก้ไขแล้ว
536,2022-08-06,งัดทูลออกจากเครื่อง MC01,MC,แก้ไขแล้ว
537,2022-08-06,wr 20 23 robot เชื่อมแล้วงานเป็นกรองอากาศ,WR,แก้ไขแล้ว
538,2022-08-06,มาดูเครืองดูฝุนยิงทราย,PT,แก้ไขแล้ว
539,2022-08-06,WD-35  co2 รั่ว,WD,แก้ไขแล้ว
540,2022-08-06,Mc01 มีปัญหา,MC,แก้ไขแล้ว
541,2022-08-06,Mc01อาราม,MC,แก้ไขแล้ว
542,2022-08-06,Lm06 ยกถาดไม่ได้,LM,แก้ไขแล้ว
543,2022-08-06,Lm1โหลดโปรแกรมไม่ได้,LM,แก้ไขแล้ว
544,2022-08-06,จุดทำcแผ่นฟรอเฟรมแผนกLMมีฝนรั่ว,LM,แก้ไขแล้ว
545,2022-08-06,"ML-08,ML-09  ไม่มีลม",MC,แก้ไขแล้ว
546,2022-08-07,ML02 ขาเหยียบมีไฟแลบทำให้เครื่อง restart เอง,ML,แก้ไขแล้ว
547,2022-08-08,WR11แผนกWD2 SPEEDลวดไม่ทำงาน,WR,แก้ไขแล้ว
548,2022-08-08,Mc02เครื่องดับเปิดไม่ติด,MC,แก้ไขแล้ว
549,2022-08-08,ไฟตรงแผนกบัญชีเสีย,บัญชี,แก้ไขแล้ว
550,2022-08-08,หินเจียร​เสีย pc 02,PC,แก้ไขแล้ว
551,2022-08-08,ประตูมีปัญหา,PT,แก้ไขแล้ว
552,2022-08-08,ปลั๊กไฟ จุด WR-19 ไฟไม่ติด,WR,แก้ไขแล้ว
553,2022-08-08,ไฟฟ้าโรงพ่นสีดับ,PT,แก้ไขแล้ว
554,2022-08-09,Wr 30 ไม่ทำงานค,WR,แก้ไขแล้ว
555,2022-08-09,BS05 เครื่องใหม่ ใบเลื่อยติด,MC,แก้ไขแล้ว
556,2022-08-09,Mc08อาราม,MC,แก้ไขแล้ว
557,2022-08-09,WR.27ลวดไม่ออก,WR,แก้ไขแล้ว
558,2022-08-10,หัวปืนยิงทรายมีปัญหา,PT,แก้ไขแล้ว
559,2022-08-10, WR 14 กล่องROBOT มีปัญหา,WR,แก้ไขแล้ว
560,2022-08-10,TM 01 หัวสว่านสายผิดปกต,TM,แก้ไขแล้ว
561,2022-08-10,Lm06 Clamp หมุนไม่ได้,LM,แก้ไขแล้ว
562,2022-08-10,ประตูห้องพ่นปิดไม่ลง,PT,แก้ไขแล้ว
563,2022-08-10,PC-02 อราม,PC,แก้ไขแล้ว
564,2022-08-10,กล่องเครนแผนกLMหลุด,LM,แก้ไขแล้ว
565,2022-08-11,ML-06 มอเตอร์รางขี้เหล็กดัง,MC,แก้ไขแล้ว
566,2022-08-11,ช่างช่วยมาซ่อมไฟตรงแผนกบัญชี,บัญชี,แก้ไขแล้ว
567,2022-08-11,ML06 รางขี้เหล็กมีเสียงดังผิดปกติ,MC,แก้ไขแล้ว
568,2022-08-11,robot w r 06 wr 15 เชื่อมแล้วชิ้นงานเป็นฟองอากาศ,WR,แก้ไขแล้ว
569,2022-08-11,MC01 อามค้าง,MC,แก้ไขแล้ว
570,2022-08-11,Lm05อราม,LM,แก้ไขแล้ว
571,2022-08-13,Lm05อราม,LM,แก้ไขแล้ว
572,2022-08-14,ประตู แผนก PT ค้าง,PT,แก้ไขแล้ว
573,2022-08-14,MC01 น้ำรั่วค่,MC,แก้ไขแล้ว
574,2022-08-15,ตั้งแสงLM-01,LM,แก้ไขแล้ว
575,2022-08-15,Mc-01น้ำรั่ว,MC,แก้ไขแล้ว
576,2022-08-15,รถ 83-0154,รถส่วนกลาง,แก้ไขแล้ว
577,2022-08-15,Wr 04 มีปัญหา,WR,แก้ไขแล้ว
578,2022-08-15,WD-21 ลวดติด,WD,แก้ไขแล้ว
579,2022-08-15,lm05 มีปัญหา,LM,แก้ไขแล้ว
580,2022-08-15,Lm01 เปลี่ยนถาดไม่ได้,LM,แก้ไขแล้ว
581,2022-08-15,Lm06 อราม,LM,แก้ไขแล้ว
582,2022-08-15,robot w r 16 แก๊ส co2 ไม่ออกเชื่อมแล้วชิ้นงานเป็นฟองอากาศ,WR,แก้ไขแล้ว
583,2022-08-15,LM 06 กด run ไม่ได้,LM,แก้ไขแล้ว
584,2022-08-15,WR-11 มีปัญหา,WR,แก้ไขแล้ว
585,2022-08-16,สายลวดเชื่อม WR-11 ลวดหลุดบ่อยมากครับ,WR,แก้ไขแล้ว
586,2022-08-16,Mc-11อาราม,MC,แก้ไขแล้ว
587,2022-08-16,MC-02เดินงานอยู่เครื่องดับ,MC,แก้ไขแล้ว
588,2022-08-16,ตู้อบอุณหภูมิขึ้นไม่ถึง100,PT,แก้ไขแล้ว
589,2022-08-16,ML-05 เครื่องดับไปเองแล้วก็เปิดไม่ติด,ML,แก้ไขแล้ว
590,2022-08-17,เครื่องยิงทรายรั้ว,PT,แก้ไขแล้ว
591,2022-08-17,lm05 มีปัญหา,LM,แก้ไขแล้ว
592,2022-08-17,Lm01 อราม,LM,แก้ไขแล้ว
593,2022-08-17,บ่อ6 มีปัญหา,PT,แก้ไขแล้ว
594,2022-08-17,Pc02 มีปัญหา,PC,แก้ไขแล้ว
595,2022-08-17,Mc01 อาราม,MC,แก้ไขแล้ว
596,2022-08-17,Mc01 อาราม,MC,แก้ไขแล้ว
597,2022-08-17,LM น๊อตล็อคไม่อยู่,LM,แก้ไขแล้ว
598,2022-08-17,WR27 co2 ไม่ออก,WR,แก้ไขแล้ว
599,2022-08-17,กระเป๋าเครนขาดเครื่องmc08,MC,แก้ไขแล้ว
600,2022-08-18,ML02 น้ำไม่ไหล ทำให้ดอกไหม้,ML,แก้ไขแล้ว
601,2022-08-18,เครื่องพ้นทรายทรายรั่ว,PT,แก้ไขแล้ว
602,2022-08-18,ตู้ไฟบ่อล้างมีปัญหา,PT,แก้ไขแล้ว
603,2022-08-18,PM-01 Alarm,PM,แก้ไขแล้ว
604,2022-08-18,PM-01 Alarm,PM,แก้ไขแล้ว
605,2022-08-19,mc-01  อามค้าง,MC,แก้ไขแล้ว
606,2022-08-19,Mc02อาราม,MC,แก้ไขแล้ว
607,2022-08-20,Mc02อาราม,MC,แก้ไขแล้ว
608,2022-08-20,LM 05 อราม,LM,แก้ไขแล้ว
609,2022-08-20, Lm01 อราม,LM,แก้ไขแล้ว
610,2022-08-21,PB 03 อาการเดิม,PB,แก้ไขแล้ว
611,2022-08-21,ประตูโรงสีค้าง,PT,แก้ไขแล้ว
612,2022-08-21,Tm07ไฟไม่ติด,TM,แก้ไขแล้ว
613,2022-08-22, wr 04 น็อตลูกล้อหลุด,WR,แก้ไขแล้ว
614,2022-08-22,Mc02เครื่องอาราม,MC,แก้ไขแล้ว
615,2022-08-22,Lm05 อราม,LM,แก้ไขแล้ว
616,2022-08-22,Lm05 อราม,LM,แก้ไขแล้ว
617,2022-08-23,ROBOT. WR22 มีปัญหา,WR,แก้ไขแล้ว
618,2022-08-24,No. 2หน่อยครับ lm กดไม่ไป,LM,แก้ไขแล้ว
619,2022-08-24,Mc10 น้ำรั่วใต้เครื่องค,MC,แก้ไขแล้ว
620,2022-08-24,robot wr 04 สายดินขาด,WR,แก้ไขแล้ว
621,2022-08-25,น้ำแอร์รั่ว,ออฟฟิศ,แก้ไขแล้ว
622,2022-08-25,MC-01อราม,MC,แก้ไขแล้ว
623,2022-08-25,เครนWD3กดไม่ลง,WD,แก้ไขแล้ว
624,2022-08-26,เติมทรายแล้วไม่ขึ้น,PT,แก้ไขแล้ว
625,2022-08-27,Mc01 อารามอามค้าง,MC,แก้ไขแล้ว
626,2022-08-27,Mc01 เวลาเปลี่ยนทูลอามมีเสียงดัง,MC,แก้ไขแล้ว
627,2022-08-27,ปีนลม MC-05 เสีย,MC,แก้ไขแล้ว
628,2022-08-27,เครื่องพ้นทรายดับไป,PT,แก้ไขแล้ว
629,2022-08-28,เชี่องงานแล้วเป็นฟอง,WR,แก้ไขแล้ว
630,2022-08-28,WD 31 Co2 ไม่ออก,WD,แก้ไขแล้ว
631,2022-08-28,Lm-06 เปลี่ยนถาดไม่ได้,LM,แก้ไขแล้ว
632,2022-08-29,แผนก  PT  น้ำแอร์รั่ว,PT,แก้ไขแล้ว
633,2022-08-29,MC01 รบกวนช่างปิดฝา,MC,แก้ไขแล้ว
634,2022-08-29,ML-16 อราม,MC,แก้ไขแล้ว
635,2022-08-30,ML-16 มีปัญหา,WD1,แก้ไขแล้ว
636,2022-08-31,พัดลม E-05 เปิดแล้วมีเสียงดัง,WD2,แก้ไขแล้ว
637,2022-09-01,แผนก MC ไฟดับ,MC,แก้ไขแล้ว
638,2022-09-01,ไฟฟ้าโรงสีดับ,PT,แก้ไขแล้ว
639,2022-09-01, WD-28 ไฟตกแล้วเปิดตู้ไม่ติด,DW,แก้ไขแล้ว
640,2022-09-01,พัดลม E -05 เสียงดัง,FG,แก้ไขแล้ว
641,2022-09-01,ไฟในเครื่องLM01ไม่ติด,LM,แก้ไขแล้ว
642,2022-09-01,เปลี่ยนหัวเชื่อม mc,MC,แก้ไขแล้ว
643,2022-09-01,Pc02 มีปัญหา,PC,แก้ไขแล้ว
644,2022-09-02,ประตูMl-07 เปิดไม่ออก,MC,แก้ไขแล้ว
645,2022-09-02,LM05เปลี่ยนถาดไม่ได้,LM,แก้ไขแล้ว
646,2022-09-03,ประตูml07เปิดไม่ได้,MC,แก้ไขแล้ว
647,2022-09-03,MC-10อราม,MC,แก้ไขแล้ว
648,2022-09-04,MC12 อราม,MC,แก้ไขแล้ว
649,2022-09-04,Lm05 อราม ,LM,แก้ไขแล้ว
650,2022-09-05,Lm06 เปลี่ยนถาดไม่ได้,LM,แก้ไขแล้ว
651,2022-09-05,พัดลมไม่ติด ตรงMc12ค่ะ,MC,แก้ไขแล้ว
652,2022-09-05,ML04 ศูนย์ไม่ตรง,ML,แก้ไขแล้ว
653,2022-09-05,WD-17 error,WD,แก้ไขแล้ว
654,2022-09-05,MC11 อามค้าง,MC,แก้ไขแล้ว
655,2022-09-06,ML-04 ที่ดันเหล็กไม่ดันงานออก,MC,แก้ไขแล้ว
656,2022-09-06,ไฟฟ้าที่เเผนก EN ดับ,EN,แก้ไขแล้ว
657,2022-09-06,เครื่อง WD-17กับเครื่อง WD-36 error,WD,แก้ไขแล้ว
658,2022-09-06,LM05 มีปัญหา,LM,แก้ไขแล้ว
659,2022-09-07,ตู้เชื่อม WD 33 ใช้งานไม่ได้,WD,แก้ไขแล้ว
660,2022-09-07,PB 03 อาราม,PB,แก้ไขแล้ว
661,2022-09-08,Lm01 อราม,LM,แก้ไขแล้ว
662,2022-09-08,Mc10 น้ำรั่ว,MC,แก้ไขแล้ว
663,2022-09-08,WR24   CO2  ไม่ออก,WR,แก้ไขแล้ว
664,2022-09-08,น้ำรั่วลงหลังคาห้อง QC,QC,แก้ไขแล้ว
665,2022-09-09,ML-06 อราม,MC,แก้ไขแล้ว
666,2022-09-09,ไฟท้ายไลน์ WD2 ไม่ติด,WD,แก้ไขแล้ว
667,2022-09-09,WD-17 อราม,EN,แก้ไขแล้ว
668,2022-09-09,ตู้เชื่อม WD 33 สายดินขาด,WD,แก้ไขแล้ว
669,2022-09-09,WR-26 Co2ไม่ออก,WR,แก้ไขแล้ว
670,2022-09-09,แคมป์ล็อคแผ่นเหล็กเครื่องLm01ไม่อยู่,LM,แก้ไขแล้ว
671,2022-09-10,ML-07 อารามรางขี้เหล็ก,MC,แก้ไขแล้ว
672,2022-09-10,WR-23 Co2 ไม่ออก,WR,แก้ไขแล้ว
673,2022-09-10,ไฟฟ้าโรงพ่นสีดับ,PT,แก้ไขแล้ว
674,2022-09-10,MC-05เปิดเครื่องไม่ได้,MC,แก้ไขแล้ว
675,2022-09-10,ตูโรงพ่นสี มีปีญหา,PT,แก้ไขแล้ว
676,2022-09-12,LM-01 อราม,LM,แก้ไขแล้ว
677,2022-09-12,MC-01 เปิดไม่ติด,MC,แก้ไขแล้ว
678,2022-09-12,PC-02 ตัดงานไม่ได้,PC,แก้ไขแล้ว
679,2022-09-12,ติดตั้งพุกยึด แผนก PB,PB,แก้ไขแล้ว
680,2022-09-12,Lm-06 อราม,LM,แก้ไขแล้ว
681,2022-09-12,น้ำโรงพ่นสีน้ำไม่ไหลค,PT,แก้ไขแล้ว
682,2022-09-13,เครื่องยิงทรายมีทรายรั้ว,PT,แก้ไขแล้ว
683,2022-09-13,แผนก MC น้ำไม่ไหล,MC,แก้ไขแล้ว
684,2022-09-13,LM-01 เลเซอร์ไม่ตรง,LM,แก้ไขแล้ว
685,2022-09-13,เช็คหลอดไฟจุด w r 29 30 แสงสว่างไม่เพียงพอ,WR,แก้ไขแล้ว
686,2022-09-13,ML-03 อราม,MC,แก้ไขแล้ว
687,2022-09-13,PC-02 ตัดงานไม่ได้,PC,แก้ไขแล้ว
688,2022-09-14,PC-02 ตัดงานไม่ได้,PC,แก้ไขแล้ว
689,2022-09-14,WR-24 co2 ไม่ออก,WR,แก้ไขแล้ว
690,2022-09-14,LM-05 อราม,LM,แก้ไขแล้ว
691,2022-09-14,WD-28 เปิดไม่ติด,WD,แก้ไขแล้ว
692,2022-09-14,ประตูโรงสีค้างครับปิดไม่ลง,PT,แก้ไขแล้ว
693,2022-09-14,น้ำมันไหลออกมาจากเครื่อง PP 01 ไม่หยุด,PP,แก้ไขแล้ว
694,2022-09-14,เครื่องยิงทรายน็อตขาด,PT,แก้ไขแล้ว
695,2022-09-14,LM-01 อราม,LM,แก้ไขแล้ว
696,2022-09-15,BS-04 ถอดเปลี่ยนใบเลื่อยไม่ได้,BS,แก้ไขแล้ว
697,2022-09-15,ML 04 น็อตหลุด,ML,แก้ไขแล้ว
698,2022-09-15,Mc 02 cloil switching ไหม้ ใช้งานต่อไม่ได้,MC,แก้ไขแล้ว
699,2022-09-15,MC08 อไหล่เสีย,MC,แก้ไขแล้ว
700,2022-09-15,Lm06 อราม,LM,แก้ไขแล้ว
701,2022-09-16,ปั้ม PP-01 เครื่องตัดการทำงานบ่อยคั,PP,แก้ไขแล้ว
702,2022-09-16,Mc11 ใส่ทูลไม่ได้,MC,แก้ไขแล้ว
703,2022-09-16,WR 06-15 อราม,WR,แก้ไขแล้ว
704,2022-09-19,ML04 น้ำมันรั่ว,ML,แก้ไขแล้ว
705,2022-09-19,เครื่องยิงทรายทรายรั้ว,PT,แก้ไขแล้ว
706,2022-09-19,ที่ดึงถาดเครื่องยิงทรายหัก,PT,แก้ไขแล้ว
707,2022-09-19,LM05 มีปัญหา,LM,แก้ไขแล้ว
708,2022-09-19,LM-05 แคมจับ โยก,LM,แก้ไขแล้ว
709,2022-09-19,น้ำโรงสีไม่ไหล,PT,แก้ไขแล้ว
710,2022-09-19,PC-02ตัดงานไม่ได้,PC,แก้ไขแล้ว
711,2022-09-20,PC-02ตัดงานไม่ได้,PC,แก้ไขแล้ว
712,2022-09-20,wr25 อราม,WR,แก้ไขแล้ว
713,2022-09-20,ML03 ขาจับชิ้นงานไม่หนีบชิ้นงาน,MC,แก้ไขแล้ว
714,2022-09-20,ตั้งโซ่ เครื่องยิงทราย,PT,แก้ไขแล้ว
715,2022-09-21,PC-02ตัดงานไม่ได้,PC,แก้ไขแล้ว
716,2022-09-21,กดไม่ติดคับLMติดไม่ติด,LM,แก้ไขแล้ว
717,2022-09-22,MC-01อะราม,MC,แก้ไขแล้ว
718,2022-09-22,ตะขอใส่งานเครื่องยิงทรายเสีย,PT,แก้ไขแล้ว
719,2022-09-22,น้ำมันเครนหยด,LM,แก้ไขแล้ว
720,2022-09-22,WD2 ไฟตัด,WD,แก้ไขแล้ว
721,2022-09-22,WR-12 ไฟตัด,WR,แก้ไขแล้ว
722,2022-09-23,Lm06 ไม่มีลม,LM,แก้ไขแล้ว
723,2022-09-23,แอร์บนออฟฟิศไม่ติด,ออฟฟิศ,แก้ไขแล้ว
724,2022-09-23,MC02 รางสไลน์หลุดออกมา,MC,แก้ไขแล้ว
725,2022-09-23,PC-02 น้ำยาออกข้างหัว,PC,แก้ไขแล้ว
726,2022-09-23,Mc-05อาราม,MC,แก้ไขแล้ว
727,2022-09-23,โรงสีไฟดับ,PT,แก้ไขแล้ว
728,2022-09-23,MC ไฟดับ,MC,แก้ไขแล้ว
729,2022-09-23,Lm05 อราม ,LM,แก้ไขแล้ว
730,2022-09-24,น้ำรั่วค่ะ และมีน้ำยารั่วออกมา,MC,แก้ไขแล้ว
731,2022-09-24,ตั้งโซ่ เครื่องยิงทราย,PT,แก้ไขแล้ว
732,2022-09-24,WD 17 สายกาวขาด,WD,แก้ไขแล้ว
733,2022-09-24,สายลม LM-01 มีปัญหา,LM,แก้ไขแล้ว
734,2022-09-24,CO2ไม่ออกWD3,WD,แก้ไขแล้ว
735,2022-09-24,Lm06 อราม,LM,แก้ไขแล้ว
736,2022-09-25,MC02 alarm,MC,แก้ไขแล้ว
737,2022-09-25,Lm06 อราม,LM,แก้ไขแล้ว
738,2022-09-26,ML03 ปุ่มฉุกเฉินกดไม่ลง,MC,แก้ไขแล้ว
739,2022-09-26,น้ำรั่วหยุดตรงหม้อแปลงเครื่องปั้ม PP 05,PP,แก้ไขแล้ว
740,2022-09-26,โรงพ่นสีรางน้ำรั่วหลังบ่อ2 ,PT,แก้ไขแล้ว
741,2022-09-26,ซ่อม สายกราว WR-09,WR,แก้ไขแล้ว
742,2022-09-26,หลังคารั่วแผนก WD1 ,WD,แก้ไขแล้ว
743,2022-09-26,Lm-05  รีเซ็ตไม่หาย,LM,แก้ไขแล้ว
744,2022-09-26,Mc05 อาราม,MC,แก้ไขแล้ว
745,2022-09-26,ตั้งโซ่ เครื่องยิงทราย,PT,แก้ไขแล้ว
746,2022-09-26,ไฟหลังเครื่อง PB 06 หลอดเสีย,PB,แก้ไขแล้ว
747,2022-09-26,MC01 อราม,MC,แก้ไขแล้ว
748,2022-09-27,มาดูเครื่องPB-05,PB,แก้ไขแล้ว
749,2022-09-27,Lm01 อาราม,LM,แก้ไขแล้ว
750,2022-09-27,MC12 ใช้รอบสูงไม่ได้,MC,แก้ไขแล้ว
751,2022-09-27,PB 02 ไฟไม่เข้า,PB,แก้ไขแล้ว
752,2022-09-27, MC11 ล็อคทูลไม่ได้,MC,แก้ไขแล้ว
753,2022-09-27,เครน NO.01 TM01 มีปัญหา,TM,แก้ไขแล้ว
754,2022-09-27,Lm01 อราม,LM,แก้ไขแล้ว
755,2022-09-27,ดูสวิตซ์ WR01 มีปัญหา,WR,แก้ไขแล้ว
756,2022-09-27,น้ำโรงสีไม่ไหล,PT,แก้ไขแล้ว
757,2022-09-27,หัวยิงทรายหัว 2 ไม่ทำงาน,PT,แก้ไขแล้ว
758,2022-09-27,สวิทช์เสีย LM,LM,แก้ไขแล้ว
759,2022-09-28,Lm06 อราม,LM,แก้ไขแล้ว
760,2022-09-28,พัดลม E-05 มีเสียงดัง,FG,แก้ไขแล้ว
761,2022-09-28,Lm06 อราม,LM,แก้ไขแล้ว
762,2022-09-28,เครื่องยิงทรายร้ัว,PT,แก้ไขแล้ว
763,2022-09-28,WD3ปลั๊กไฟหลุด,WD,แก้ไขแล้ว
764,2022-09-28,Lm06 อราม,LM,แก้ไขแล้ว
765,2022-09-28,WD2 ไฟตัด,WD,แก้ไขแล้ว
766,2022-09-28,Lm01  อราม,LM,แก้ไขแล้ว
767,2022-09-28,Mc01อาราม,MC,แก้ไขแล้ว
768,2022-09-28,เวอร์เนียร์ค้างครับLM,LM,แก้ไขแล้ว
769,2022-09-28,mc11ทูลไม่แน่น,MC,แก้ไขแล้ว
770,2022-09-28,มาดูเครนแผนกLM กดหยุดไม่หยุด,LM,แก้ไขแล้ว
771,2022-09-29,ไฟหลังเครื่อง pb 06 หลอดขาด,PB,แก้ไขแล้ว
772,2022-09-29,สายไฟซ๊อตหลังเครื่อง PB-03 ,PB,แก้ไขแล้ว
773,2022-09-29,PB 03 เปิดมอเตอร์ไม่ติด,PB,แก้ไขแล้ว
774,2022-09-29,ช่างมาดูน้ำโรงพ่นสีใ,PT,แก้ไขแล้ว
775,2022-09-29,Lm01 อราม,LM,แก้ไขแล้ว
776,2022-09-30,เชือกกันนกประตูฝั่งMC เริ่มหลุด,MC,แก้ไขแล้ว
777,2022-10-01,ไฟเครื่องยิงทราายไม่ติดครับ,PT,แก้ไขแล้ว
778,2022-10-01,WR-02 ใช้ไม่ได้ครับระบบสวิทช์มีปัญหา,WR,แก้ไขแล้ว
779,2022-10-03,  MC-09 น้ำมันสไลย์เวย์รั่วไป 3 ลิตร,MC,แก้ไขแล้ว
780,2022-10-03,Wr-02 ปุ่มกด Start กดไม่ได้,WR,แก้ไขแล้ว
781,2022-10-03,ท่อแอร์หยุดคับWD 3,WD3,แก้ไขแล้ว
782,2022-10-03,หน้ากากปลั๊กหักแผนกLM,LM,แก้ไขแล้ว
783,2022-10-03,แอร์ห้องQC MC น้ำรั่ว,MC,แก้ไขแล้ว
784,2022-10-03,MC-09อราม,MC,แก้ไขแล้ว
785,2022-10-03,หลังคารั่ว MC,MC,แก้ไขแล้ว
786,2022-10-03,หลังคารั่ว WD2,WD2,แก้ไขแล้ว
787,2022-10-03,รั่วหลังเครื่อง PB-05,PB,แก้ไขแล้ว
788,2022-10-04,MC08 น้ำมันรั่วค่ะ,MC,แก้ไขแล้ว
789,2022-10-04,พัดลมเสีย แผนกLM,LM,แก้ไขแล้ว
790,2022-10-04,MC09  อรามน้ำมัน,MC,แก้ไขแล้ว
791,2022-10-04,LM-06 อราม,LM,แก้ไขแล้ว
792,2022-10-05,MC-09 น้ำมันรั่วเหมือนเดิม,MC,แก้ไขแล้ว
793,2022-10-05,ตั้งโช่ เครื่องยิงทราย,PT,แก้ไขแล้ว
794,2022-10-05, ตู้แอร์ FG แอร์เย็นสลับร้อนไม่ได้,FG,แก้ไขแล้ว
795,2022-10-05,LM-06 อราม,LM,แก้ไขแล้ว
796,2022-10-06,MC09 สายน้ำมันขาด,MC,แก้ไขแล้ว
797,2022-10-06, TM-01 อราม,LM,แก้ไขแล้ว
798,2022-10-06,LM-01 อราม,LM,แก้ไขแล้ว
799,2022-10-06,WD-12 มีปัญหา,WD1,แก้ไขแล้ว
800,2022-10-06,เครนแผนก LM ที่จอดรอมอเตอร์,LM,แก้ไขแล้ว
801,2022-10-06,LM-05ปุ่มกดล้อกไม่ได้,LM,แก้ไขแล้ว
802,2022-10-06,สาย สว่าน LM สายขาด,LM,แก้ไขแล้ว
803,2022-10-06,Ml-04 ขี้เหล็กติด,MC,แก้ไขแล้ว
804,2022-10-06,เลเซอร์ มีปัญหา,LM,แก้ไขแล้ว
805,2022-10-07,MC-07 รางขี้เหล็กติด,MC,แก้ไขแล้ว
806,2022-10-07,Lm01 อราม,LM,แก้ไขแล้ว
807,2022-10-07,WR-04 สายส่งลวดขาด,WR,แก้ไขแล้ว
808,2022-10-07,WR-16 co2 รั่ว,WR,แก้ไขแล้ว
809,2022-10-07,Lm01 อราม,LM,แก้ไขแล้ว
810,2022-10-07,ML04 ขาจับไม่หนีบชิ้นงาน,MC,แก้ไขแล้ว
811,2022-10-07,LM-01 อราม,LM,แก้ไขแล้ว
812,2022-10-07,ฝนรั่วตรงใกล้ๆปลั๊กไฟตรงโรงพ่นสี,PT,แก้ไขแล้ว
813,2022-10-07,WR-21 มีปัญหา,WR,แก้ไขแล้ว
814,2022-10-07,MC-02 เปิดไม่ติดเลย,MC,แก้ไขแล้ว
815,2022-10-10,MC-01 battery แกนz low,MC,แก้ไขแล้ว
816,2022-10-10,เครื่อง PB-05 PB-06 เปิดไม่ติด,PB,แก้ไขแล้ว
817,2022-10-10,MC เปิดเครื่องไม่ติด,MC,แก้ไขแล้ว
818,2022-10-10,ML06อาราม,MC,แก้ไขแล้ว
819,2022-10-10,หมุนไม่ข่อยไปแผนกLM,LM,แก้ไขแล้ว
820,2022-10-10,WD12  เชื่อมแล้วลวดเชื่อมไม่ละลาย,WD1,แก้ไขแล้ว
821,2022-10-10,ห้องน้ำชายน้ำรั่ว,ส่วนกลาง,แก้ไขแล้ว
822,2022-10-10,Lm01 อราม,LM,แก้ไขแล้ว
823,2022-10-10,Lm01 อราม,LM,แก้ไขแล้ว
824,2022-10-11,Lm01 อราม,LM,แก้ไขแล้ว
825,2022-10-11,ตุ้แอร์ เครื่อง WD12  ไม่เย็นครับออกแต่ลม,WD1,แก้ไขแล้ว
826,2022-10-11,สายส่งลวด wr-23 ขาด,WR,แก้ไขแล้ว
827,2022-10-11,เครื่องปั้ม PP-01 ไฟไม่เข้า,PP,แก้ไขแล้ว
828,2022-10-11,เปิดน้ำโรงพ่นสี,PT,แก้ไขแล้ว
829,2022-10-11,รบกวนช่างมาดูเครื่องรีเวท,PT,แก้ไขแล้ว
830,2022-10-11,ซ่อมประตูห้องพ่นสี,PT,แก้ไขแล้ว
831,2022-10-11,Mc02 เครื่องจักรดับเอง,MC,แก้ไขแล้ว
832,2022-10-11,เครื่องWR-28 alarm,WR,แก้ไขแล้ว
833,2022-10-12,เครน No.10 รีโมทแตก ขาไฟชำรุด,LM,แก้ไขแล้ว
834,2022-10-12,BS-05 alarm,MC,แก้ไขแล้ว
835,2022-10-12,WR28 หน่อยครับไม่สามารSETปรับตั้งแนวเชื่อมใด้,WR,แก้ไขแล้ว
836,2022-10-12,BS-05 alarm,MC,แก้ไขแล้ว
837,2022-10-12,รีโมทเครน No. 10 LMกดไม่ติด,LM,แก้ไขแล้ว
838,2022-10-12,Lm01 อราม,LM,แก้ไขแล้ว
839,2022-10-14,MC02 เครื่องดับเอง,MC,แก้ไขแล้ว
840,2022-10-14,Pc-02 อราม,LM,แก้ไขแล้ว
841,2022-10-14,MC02 เครื่องดับเอง,MC,แก้ไขแล้ว
842,2022-10-14,Lm01 อราม,LM,แก้ไขแล้ว
843,2022-10-14,Ml-07 รางขี้เหล็กติด,MC,แก้ไขแล้ว
844,2022-10-15,PC02 อราม,LM,แก้ไขแล้ว
845,2022-10-15,Lm01 อราม,LM,แก้ไขแล้ว
846,2022-10-16,Lm01 อราม,LM,แก้ไขแล้ว
847,2022-10-16,Lm01 อราม,LM,แก้ไขแล้ว
848,2022-10-16,ตั้งโซ่ เครื่องยิงทราย,PT,แก้ไขแล้ว
849,2022-10-16,WR-31 ชว่ยดูปั๊มลมให้หน่อยครับตอนนี้ลมออกน้อย,WR,แก้ไขแล้ว
850,2022-10-17,Lm01 อราม,LM,แก้ไขแล้ว
851,2022-10-17,ตั้งโซ่ เครื่องยิงทราย,PT,แก้ไขแล้ว
852,2022-10-17,พัดลม WD1มีเสียงดัง,WD1,แก้ไขแล้ว
853,2022-10-17,LM-01 เปลี่ยนถาดแบบออโต้ไม่ได้,LM,แก้ไขแล้ว
854,2022-10-17,ML-05 ขี้เหล็กติด,MC,แก้ไขแล้ว
855,2022-10-17,เครนNo.8แผนกWD3น๊อตฝาครอบมอเตอร์หลุดประมาณ3ตัว,WD3,แก้ไขแล้ว
856,2022-10-17,Lm06 ปุ่มstop ค้าง,LM,แก้ไขแล้ว
857,2022-10-18,กล่องเครนหลุดค่ะ ตรงจุด MC12,MC,แก้ไขแล้ว
858,2022-10-18,LM-06 แค่มโยก,LM,แก้ไขแล้ว
859,2022-10-18,กล่องเครน No.4 หลุดข้างหนึ่ง แผนก WD2,WD2,แก้ไขแล้ว
860,2022-10-18,เครื่องยิงทรายมีปัญหา,PT,แก้ไขแล้ว
861,2022-10-18,PC02 อราม,LM,แก้ไขแล้ว
862,2022-10-18,MC01 รางทิ้งขี้เหล็กชำรุด,MC,แก้ไขแล้ว
863,2022-10-18,Lm-01 อราม,LM,แก้ไขแล้ว
864,2022-10-18,Lm-06 อราม,LM,แก้ไขแล้ว
865,2022-10-18,พัดลมเปิดไม่ติด MC-12,MC,แก้ไขแล้ว
866,2022-10-19,ROBOT  WR14  สายส่งลวดหลุด,WR,แก้ไขแล้ว
867,2022-10-19,Lm01 อราม,LM,แก้ไขแล้ว
868,2022-10-19,Lm01 อราม,LM,แก้ไขแล้ว
869,2022-10-19,PC02 อราม,LM,แก้ไขแล้ว
870,2022-10-19,LM-06 อราม,LM,แก้ไขแล้ว
871,2022-10-19,ปั๊มลมลมไม่ออก WR - 31,WR,แก้ไขแล้ว
872,2022-10-19,PC02 อราม,LM,แก้ไขแล้ว
873,2022-10-19,Lm-06 อราม,LM,แก้ไขแล้ว
874,2022-10-19,Lm06 ลมตก,LM,แก้ไขแล้ว
875,2022-10-19,Lm06 ลมตก,LM,แก้ไขแล้ว
876,2022-10-20,Lm06 ลมตก,LM,แก้ไขแล้ว
877,2022-10-20,Lm07 อราม,LM,แก้ไขแล้ว
878,2022-10-20,PC02 อราม,LM,แก้ไขแล้ว
879,2022-10-20,สายลมแตก แผนกLM,LM,แก้ไขแล้ว
880,2022-10-20,Lm01 อราม,LM,แก้ไขแล้ว
881,2022-10-21,PC-02 มีปัญหา,LM,แก้ไขแล้ว
882,2022-10-21,LM-06 ลมตก,LM,แก้ไขแล้ว
883,2022-10-21,PC-02 อราม,LM,แก้ไขแล้ว
884,2022-10-21,PC-02 อราม,LM,แก้ไขแล้ว
885,2022-10-22,ตั้งโซ่ เครื่องยิงทราย,PT,แก้ไขแล้ว
886,2022-10-22,Lm01 มาถอดออก,LM,แก้ไขแล้ว
887,2022-10-22,WR-31ลมไม่ออก,WR,แก้ไขแล้ว
888,2022-10-22,Lm-01 อราม,LM,แก้ไขแล้ว
889,2022-10-22,Lm-05 อราม,LM,แก้ไขแล้ว
890,2022-10-23,LM-06 อราม,LM,แก้ไขแล้ว
891,2022-10-25,MC-08 น้ำรั่ว,MC,แก้ไขแล้ว
892,2022-10-25,MC ลมตก,MC,แก้ไขแล้ว
893,2022-10-25,WD-01ลมตก,WD1,แก้ไขแล้ว
894,2022-10-26,Lm01 อราม,LM,แก้ไขแล้ว
895,2022-10-26,MC05 อราม,MC,แก้ไขแล้ว
896,2022-10-26,MC08 น้ำรั่ว,MC,แก้ไขแล้ว
897,2022-10-26, ดูปั๊กไฟให้หน่อยครับ ไฟไม่ข้า,FG,แก้ไขแล้ว
898,2022-10-26,"ML17,ML18 เครื่องไม่ได้ใช้งานแต่น้ำมันสไลด์เวย์ลดลงเหลือแค่ครึ่งลิตร",MC,แก้ไขแล้ว
899,2022-10-26,MC-11 อามค้าง,MC,แก้ไขแล้ว
900,2022-10-26,Mc02 ดับแล้วติดเอง,MC,แก้ไขแล้ว
901,2022-10-26,MC 11 อามค้าง,MC,แก้ไขแล้ว
902,2022-10-26,MC-11 อามค้าง,MC,แก้ไขแล้ว
903,2022-10-26,ML01 น้ำมันรั่ว,MC,แก้ไขแล้ว
904,2022-10-26,LM-06 อราม,LM,แก้ไขแล้ว
905,2022-10-26,Lm-05 อราม,LM,แก้ไขแล้ว
906,2022-10-26,Lm01 อราม,LM,แก้ไขแล้ว
907,2022-10-27,Lm01 อราม,LM,แก้ไขแล้ว
908,2022-10-27,LM-06 อราม,LM,แก้ไขแล้ว
909,2022-10-27,LM-05 อราม,LM,แก้ไขแล้ว
910,2022-10-27,LM-01  อราม,LM,แก้ไขแล้ว
911,2022-10-27,LM-01  อราม,LM,แก้ไขแล้ว
912,2022-10-27,ตั้งโซ่ เครื่องยิงทราย,PT,แก้ไขแล้ว
913,2022-10-27,WD1  ลมตก,WD1,แก้ไขแล้ว
914,2022-10-27,LM-06 อราม,LM,แก้ไขแล้ว
915,2022-10-27,MC ลมตก,MC,แก้ไขแล้ว
916,2022-10-27,Mc-10 อราม,MC,แก้ไขแล้ว
917,2022-10-28,เครน LM มีปัญหา,LM,แก้ไขแล้ว
918,2022-10-28,Lm01 อราม,LM,แก้ไขแล้ว
919,2022-10-29,สายลมแตก,LM,แก้ไขแล้ว
920,2022-10-29,ประตูลงไม่สนิท LM-01,LM,แก้ไขแล้ว
921,2022-10-29,MC 11 ยัดทูนไม่เข้า,MC,แก้ไขแล้ว
922,2022-10-29,ยิง รีเวท ที่โรงสีใช่งานไม่ได้,PT,แก้ไขแล้ว
923,2022-10-29,Mc ml ลมตก,MC,แก้ไขแล้ว
924,2022-10-29,น้ำโรงพ่นสีไม่ไหล,PT,แก้ไขแล้ว
925,2022-10-31,ดูปั้มน้ำจะเติมน้ำบู๊ทพ่นสีน้ำไม่ไหล,PT,แก้ไขแล้ว
926,2022-10-31,WR10 แผนก WD 3 alarm,WD3,แก้ไขแล้ว
927,2022-10-31,ปั้มน้ำตรงจุดBoothพ่นสีใหม่มีน้ำรั่ว,PT,แก้ไขแล้ว
928,2022-10-31,Lm01 อราม,LM,แก้ไขแล้ว
929,2022-10-31,ML-04 น้ำยาไหลค,MC,แก้ไขแล้ว
930,2022-11-01,Ml-04น้ำรั่วไม่หยุด,MC,แก้ไขแล้ว
931,2022-11-01,Mc02 เครื่องดับเอง,MC,แก้ไขแล้ว
932,2022-11-01,เครื่องยิงทรายมีปัญหา,PT,แก้ไขแล้ว
933,2022-11-01,Mc11 ใส่ทูลไม่ได้,MC,แก้ไขแล้ว
934,2022-11-01,Lm07 จอดับ,LM,แก้ไขแล้ว
935,2022-11-01,Lm01  cooler error,LM,แก้ไขแล้ว
936,2022-11-01,LM06 อราม,LM,แก้ไขแล้ว
937,2022-11-01,ตั้งโซ่เครื่องยิงทราย,PT,แก้ไขแล้ว
938,2022-11-02,น้ำยาไหลออกมาเยอะ LM-04,LM,แก้ไขแล้ว
939,2022-11-02,Mc11 อาราม,MC,แก้ไขแล้ว
940,2022-11-02,ฝาครอบเครนชำรุดคับแผลกLM,LM,แก้ไขแล้ว
941,2022-11-02,Mc11 อาราม,MC,แก้ไขแล้ว
942,2022-11-02,เครน สายไฟติดอยู่ที่น็อคแจ้งซ่อมแผนกLM,LM,แก้ไขแล้ว
943,2022-11-02,LM-06 อราม,LM,แก้ไขแล้ว
944,2022-11-02,Lm-01 อราม,LM,แก้ไขแล้ว
945,2022-11-02,Mc09เวลาสับเปลื่ยนทูลทูลหลุด,MC,แก้ไขแล้ว
946,2022-11-02,ML-04 น้ำยาไหลค่,MC,แก้ไขแล้ว
947,2022-11-02,LM-01 ไฟเซนเซอร์ไม่ติด,LM,แก้ไขแล้ว
948,2022-11-03,พลาสม่าLM หน่อยครับ ตัดงานไม่ได้,LM,แก้ไขแล้ว
949,2022-11-03,LM06 อราม,LM,แก้ไขแล้ว
950,2022-11-03,LM-01 อราม,LM,แก้ไขแล้ว
951,2022-11-03,Mc-11 อาราม,MC,แก้ไขแล้ว
952,2022-11-03,ไฟของแผนกเลเซอร์ เสีย,เลเซอร์,แก้ไขแล้ว
953,2022-11-03,Mc-11 อาราม,MC,แก้ไขแล้ว
954,2022-11-03,Mc-11 อาราม,MC,แก้ไขแล้ว
955,2022-11-04,ML06 ขาจับไม่หนีบชิ้นงานค่ะ ทำให้งานหลุดชนทูลแตก,MC,แก้ไขแล้ว
956,2022-11-04,Lm01 อาราม cooler error,LM,แก้ไขแล้ว
957,2022-11-04,MC-12 อามค้าง,MC,แก้ไขแล้ว
958,2022-11-04,Mc-01อาราม,MC,แก้ไขแล้ว
959,2022-11-04,PC-02อาราม,LM,แก้ไขแล้ว
960,2022-11-04,ประตูโรงสีค้าง,PT,แก้ไขแล้ว
961,2022-11-04,Mc -12ลมตก-อามค้าง,MC,แก้ไขแล้ว
962,2022-11-04, pc-02 อราม,LM,แก้ไขแล้ว
963,2022-11-05,มาตั้งแสง,LM,แก้ไขแล้ว
964,2022-11-05,Mc12อามค้าง,MC,แก้ไขแล้ว
965,2022-11-05,เครนLMกดไม่ได้,LM,แก้ไขแล้ว
966,2022-11-06,LM-01 อราม,LM,แก้ไขแล้ว
967,2022-11-06,LM-01 อราม,LM,แก้ไขแล้ว
968,2022-11-06,LM-01 อราม,LM,แก้ไขแล้ว
969,2022-11-06,MC 09 ถ่ายน้ำมันขาดค,MC,แก้ไขแล้ว
970,2022-11-06,Wd 3 ตู้เชื่อม error,WD1,แก้ไขแล้ว
971,2022-11-06,PC02 อราม,LM,แก้ไขแล้ว
972,2022-11-07,เครน WD2 กดไม่ติด,WD2,แก้ไขแล้ว
973,2022-11-07,LM06 อราม,LM,แก้ไขแล้ว
974,2022-11-07,เครื่อง PB 03 stoper ไม่วิ่ง,PB,แก้ไขแล้ว
975,2022-11-07,MC08 กัมปไนท์ใช้ไม่ได้,MC,แก้ไขแล้ว
976,2022-11-07,MC11 ทูนหลุด,MC,แก้ไขแล้ว
977,2022-11-08,robot wr 10 เปิดไม่ติด,WD3,แก้ไขแล้ว
978,2022-11-08,MC-08 กด home ไม่ได้ ค้าง,MC,แก้ไขแล้ว
979,2022-11-08,Mc09สายน้ำมันขาดค,MC,แก้ไขแล้ว
980,2022-11-08,LM06 อราม,LM,แก้ไขแล้ว
981,2022-11-09,LM06 อราม,LM,แก้ไขแล้ว
982,2022-11-09,LM06 อราม,LM,แก้ไขแล้ว
983,2022-11-09,พัดลมข้างเครื่อง TM-02 เปิดไม่ติด,MC,แก้ไขแล้ว
984,2022-11-09,ML-07 อารามรางขี้เหล็ก,MC,แก้ไขแล้ว
985,2022-11-09,PC-02 อราม,LM,แก้ไขแล้ว
986,2022-11-10,รางเก็บสายไฟ MC 08 หลุด,MC,แก้ไขแล้ว
987,2022-11-10,MC 08 น้ำรั่ว,MC,แก้ไขแล้ว
988,2022-11-10,เครนที่แผนกเลเชอร์เสีย,เลเซอร์,แก้ไขแล้ว
989,2022-11-10,เครื่องปั้ม PP-04  ไฟไม่เข้า,PP,แก้ไขแล้ว
990,2022-11-10,แผนกLMฝั่งTAP,LM,แก้ไขแล้ว
991,2022-11-10,  LM-01 อราม,LM,แก้ไขแล้ว
992,2022-11-10,MC-11 เปลี่ยนทูลไม่ได้,MC,แก้ไขแล้ว
993,2022-11-10,LM-06 อราม,LM,แก้ไขแล้ว
994,2022-11-10,WR-31 สายส่งลวดขาด,WR,แก้ไขแล้ว
995,2022-11-11,MC 11 ทูลหลุด,MC,แก้ไขแล้ว
996,2022-11-11,ML04 น้ำรั่ว,MC,แก้ไขแล้ว
997,2022-11-11, MC-11 อาร์มค้าง,MC,แก้ไขแล้ว
998,2022-11-12,เครนเสีย,LM,แก้ไขแล้ว
999,2022-11-12,พัดลมไม่ติด,LM,แก้ไขแล้ว
1000,2022-11-12,รางสไลด์หลุดmc01,MC,แก้ไขแล้ว
1001,2022-11-12,ML01 รางไม่ไหล,MC,แก้ไขแล้ว
1002,2022-11-13,Ml-07 เครื่อง อาราม,MC,แก้ไขแล้ว
1003,2022-11-14,ฟตัดครับ WD2,WD2,แก้ไขแล้ว
1004,2022-11-14,ML-06อารม,MC,แก้ไขแล้ว
1005,2022-11-14,รีโมทกดไม่ไปคับแจ้งซ่อม,LM,แก้ไขแล้ว
1006,2022-11-15,MC 12 อราม,MC,แก้ไขแล้ว
1007,2022-11-15,MC 08 รางสายไฟหลุด,MC,แก้ไขแล้ว
1008,2022-11-16,Lm01 อาราม cnveroy,LM,แก้ไขแล้ว
1009,2022-11-16,Lm01 อราม,LM,แก้ไขแล้ว
1010,2022-11-16,LM 06 ลมตก,LM,แก้ไขแล้ว
1011,2022-11-16,MC 08 น้ำรั่วไม่หายค,MC,แก้ไขแล้ว
1012,2022-11-17,mc01 รางสไลด์หลุด,MC,แก้ไขแล้ว
1013,2022-11-17,Lm07 อราม,LM,แก้ไขแล้ว
1014,2022-11-17,Lm01 อราม,LM,แก้ไขแล้ว
1015,2022-11-17,Lm01 อราม,LM,แก้ไขแล้ว
1016,2022-11-18,ML-07 สายพานไม่หมุน,MC,แก้ไขแล้ว
1017,2022-11-18,ประตูเครื่องLM06มันปิดเปิดยาก,LM,แก้ไขแล้ว
1018,2022-11-19,ML-07 เปิดประตูไม่ได้,MC,แก้ไขแล้ว
1019,2022-11-19,MC พัดลมไฟดับ,MC,แก้ไขแล้ว
1020,2022-11-20,เครื่องไม่ทำงาน mc08,MC,แก้ไขแล้ว
1021,2022-11-20,MC 08 เครื่องปรับองศาไม่ได้,MC,แก้ไขแล้ว
1022,2022-11-20,LM น็อตหลุด หลายครั้งแล้ว,LM,แก้ไขแล้ว
1023,2022-11-21,ML 04 ขาจับหนีบงานไม่แน่น,MC,แก้ไขแล้ว
1024,2022-11-21,ML02อาราม,MC,แก้ไขแล้ว
1025,2022-11-21,ช่วยมาตั้งแสง LM-01,LM,แก้ไขแล้ว
1026,2022-11-21,Mc01 เครื่องอาราม,MC,แก้ไขแล้ว
1027,2022-11-22,robot wr 06 ขึ้นรหัสเครื่องไม่สามารถขยับเขยื้อนได้เลย,WR,แก้ไขแล้ว
1028,2022-11-22,ตู้เชื่อม wd3 error,WD1,แก้ไขแล้ว
1029,2022-11-23,LM05แค้มกดไม่ได้,LM,แก้ไขแล้ว
1030,2022-11-23,LMBO07. จอสั่น,LM,แก้ไขแล้ว
1031,2022-11-23,wr24 อราม,WR,แก้ไขแล้ว
1032,2022-11-23,ดูเครน LM ไม่วิ่งติด,LM,แก้ไขแล้ว
1033,2022-11-23,MC08 กดไม่ได้,MC,แก้ไขแล้ว
1034,2022-11-24,เครนกดไม่ได้คับเเจ้งซ่อม แผนกLM,LM,แก้ไขแล้ว
1035,2022-11-24,ML 07 ประตูติด,MC,แก้ไขแล้ว
1036,2022-11-24,WR11 สายส่งลวดตัน,WR,แก้ไขแล้ว
1037,2022-11-24,LM06 อราม,LM,แก้ไขแล้ว
1038,2022-11-25,เครน No.01 แผนก LM กดลงไม่ค่อยติด,LM,แก้ไขแล้ว
1039,2022-11-25,LM 05 แคมป์จับโยก มีปัญหา,LM,แก้ไขแล้ว
1040,2022-11-25,Wr-13 ลวดไม่ค่อยออก,WR,แก้ไขแล้ว
1041,2022-11-25,wr24 มีปัญหา,WR,แก้ไขแล้ว
1042,2022-11-25,WR16 มีปัญหา,WR,แก้ไขแล้ว
1043,2022-11-25,LM01 อราม,LM,แก้ไขแล้ว
1044,2022-11-25,WR14 มีปัญหา,WR,แก้ไขแล้ว
1045,2022-11-25,Wr -13 ชุดส่งลวดมีปัญหา,WR,แก้ไขแล้ว
1046,2022-11-25,WD25  ฝนหยดใส่เครื่อง,WD1,แก้ไขแล้ว
1047,2022-11-26,Wr-02 อราม,WR,แก้ไขแล้ว
1048,2022-11-26,Lm07 อราม,LM,แก้ไขแล้ว
1049,2022-11-26,LM05 อราม,LM,แก้ไขแล้ว
1050,2022-11-26,Wr-02 อราม,WR,แก้ไขแล้ว
1051,2022-11-26,LM-05 อราม,LM,แก้ไขแล้ว
1052,2022-11-27,MC 12 ลางบังขี้เหล็กหลุด,MC,แก้ไขแล้ว
1053,2022-11-27,ตั้งแสง,LM,แก้ไขแล้ว
1054,2022-11-28, Ml-04 น้ำรั่ว,MC,แก้ไขแล้ว
1055,2022-11-28,LM06 อราม,LM,แก้ไขแล้ว
1056,2022-11-28,WD-05 ตู้ชื่อมไฟตก,WD2,แก้ไขแล้ว
1057,2022-11-28,MC-01 เวลาเปิดพัดลมแล้วมีเสียงดัง,MC,แก้ไขแล้ว
1058,2022-11-28,LM 06 ลมตก,LM,แก้ไขแล้ว
1059,2022-11-29,Ml-07 อราม,MC,แก้ไขแล้ว
1060,2022-11-29,LM-05 ลมตก,LM,แก้ไขแล้ว
1061,2022-11-29,LM 01 ลมตก,LM,แก้ไขแล้ว
1062,2022-11-29,LM 06 ลมตก,LM,แก้ไขแล้ว
1063,2022-11-29,LM 06 คลายล็อคไม่ได้,LM,แก้ไขแล้ว
1064,2022-11-30,Lm01 อาราม,LM,แก้ไขแล้ว
1065,2022-11-30,Mc01 ถอดทูนไม่ออก,MC,แก้ไขแล้ว
1066,2022-11-30,MC11ถอดทลูไม่ได้,MC,แก้ไขแล้ว
1067,2022-11-30,MC12 alarm ,MC,แก้ไขแล้ว
1068,2022-11-30,ตั้งเสาเชเชอหน่อยครับLM01,LM,แก้ไขแล้ว
1069,2022-11-30,Lm07 อราม,LM,แก้ไขแล้ว
1070,2022-12-01,ตั้งเสาเชเชอร์,LM,แก้ไขแล้ว
1071,2022-12-01,ML-07 ที่รองรับงานค้าง กดกลับไม่ได,MC,แก้ไขแล้ว
1072,2022-12-01,เครื่องยิงทรายตอนกดงานเข้ามันติด,PT,แก้ไขแล้ว
1073,2022-12-01,ตั้งเสาเชเชอร์,LM,แก้ไขแล้ว
1074,2022-12-01,Lm01 อาราม conveyor overlord,LM,แก้ไขแล้ว
1075,2022-12-01,ตู้อบอุณหภูมิไม่ขึ้น,PT,แก้ไขแล้ว
1076,2022-12-02,MC 12 อราม,MC,แก้ไขแล้ว
1077,2022-12-02,Lm01 อาราม conveyor overlord,LM,แก้ไขแล้ว
1078,2022-12-02,เครื่องPP06เครื่องจักรไม่ทำงาน,Supplier,
1079,2022-12-02,Mc11 อราม,MC,แก้ไขแล้ว
1080,2022-12-02,เครื่องPP05เครื่องตัดไม่ทำงาน,Supplier,แก้ไขแล้ว
1081,2022-12-04,ครื่อง MC ตัวใหม่น้ำมันรั่ว,MC,แก้ไขแล้ว
1082,2022-12-04,MC 12หารอบไม่เจอ,MC,
1083,2022-12-05,LM01 อราม,LM,
1084,2022-12-05,หัวยิงปืน 1-2 มีปัญหา,PT,
1085,2022-12-06,PP-05 มีปัญหา,Supplier,
1086,2022-12-06,LM01 อราม,LM,แก้ไขแล้ว
1087,2022-12-06,WR10 อราม,WD3,แก้ไขแล้ว
1088,2022-12-06,หัวยิงปืน ออกหัว 2 หัวเดี่ยว,PT,แก้ไขแล้ว
1089,2022-12-06,LM01 อราม,LM,แก้ไขแล้ว
1090,2022-12-06,Mc12 ฝาครอบหลุด,MC,แก้ไขแล้ว
1091,2022-12-06,LM05ตุ้DUTSไม่ทำงาน,LM,แก้ไขแล้ว
1092,2022-12-07,Pc-02 มีปัญหา,LM,แก้ไขแล้ว
1093,2022-12-07,LM-01 อราม,LM,
1094,2022-12-07,เกจวัดแรงดันมอเตอร์Boothพ่นสีใหม่ไม่ขึ้น,PT,
1095,2022-12-07,ปั้มml04ขดลวดขาด2ขด,MC,แก้ไขแล้ว
1096,2022-12-07,ML14 อราม,MC,แก้ไขแล้ว
1097,2022-12-07,ซ่อมรางไฟบนออฟฟิศ,ออฟฟิศ,แก้ไขแล้ว
1098,2022-12-08,LM-05 กดแค้มไม่ได้,LM,แก้ไขแล้ว
1099,2022-12-08,มีลมออก แปลก LM,LM,แก้ไขแล้ว
1100,2022-12-08,แก้ไฟบอกเวลาอบสี,PT,แก้ไขแล้ว
1101,2022-12-08,Pc-02 อราม,LM,แก้ไขแล้ว
1102,2022-12-08,เครื่อง TM-05 เสีย  ต๊าปงานไม่ได้,MC,
1103,2022-12-09,MC 12 อราม,MC,แก้ไขแล้ว
1104,2022-12-09,LM-01 ตั้งเสาแสง,LM,
1105,2022-12-09,MC 12 อราม,MC,แก้ไขแล้ว
1106,2022-12-09,เครน ปุ่มกดหลุด แผลกLM,LM,แก้ไขแล้ว
1107,2022-12-09,Mc05อราม,MC,แก้ไขแล้ว
1108,2022-12-09,EN.D.ปากกาจับชิ้นงานเครื่องMM-02ไม่สามารถยึดจับชิ้นงานได้,EN,แก้ไขแล้ว
1109,2022-12-09,WD-21 เปิดไม่ติด,WD3,
1110,2022-12-09,mc01 รางสไลด์หลุด,MC,
1111,2022-12-10,จอเครื่องLM-07ดับ,LM,
1112,2022-12-10,จอเครื่องLM-07ดับ,LM,แก้ไขแล้ว
1113,2022-12-10,ตู้อบสีอุณหภูมิขึ้นสูงผิดปกติ,PT,
1114,2022-12-10,LM-01 อราม,LM,แก้ไขแล้ว
1115,2022-12-10,LM-01 อราม,LM,
1116,2022-12-11,LM-01 อราม,LM,แก้ไขแล้ว
1117,2022-12-11,ML-02 อราม,MC,
1118,2022-12-12,ML02 ปิดฝา,MC,
1119,2022-12-12,Lm01 ปลั๊กเสีย,LM,
1120,2022-12-12,wr-03 แบตเตอรี่หมด,WR,แก้ไขแล้ว
1121,2022-12-12,ก๊อกน้ำตรงตรวจน้ำยาบ่อล้างของ QC โรงพ่นสีชำรุด,QC,
1122,2022-12-13,Lm07 จอดับคับ,LM,แก้ไขแล้ว
1123,2022-12-13,LM-07 จอมีปัญหา,LM,
1124,2022-12-13,เครื่องยิงทรายมีปัญหา,PT,
1125,2022-12-13,LM 06 กดถาดลงไม่ได้,LM,
1126,2022-12-13,สัญญาณอราม ตู้control ตรงบ่อพักน้ำในโรงพ่นสีไม่ดัง,PT,แก้ไขแล้ว
1127,2022-12-13,ตู้อบสีอุณหภูมิผิดปกติ,PT,
1128,2022-12-13,LM-01 อราม,LM,แก้ไขแล้ว
1129,2022-12-14,LM-01 อราม,LM,แก้ไขแล้ว
1130,2022-12-14,MC01 จับทูลไม่อยู่ ทำให้ทูลร่วงเสียหาย,MC,
1131,2022-12-14,LM-01 อราม,LM,
1132,2022-12-14,ตั้งเสาเชเชอร์,LM,
1133,2022-12-14,แผนกเลเซอร์ลมตก,LM,แก้ไขแล้ว
1134,2022-12-14,แผนกMCลมตก,MC,แก้ไขแล้ว
1135,2022-12-15,Lm07 อราม,LM,
1136,2022-12-15,WR28 แผนกWD3สายลมส่งลมชำรุดมีลมรั่วออก,WD3,แก้ไขแล้ว
1137,2022-12-15,TM-01 เคาเตอร์นับจำนวนเสีย,LM,
1138,2022-12-15,Mc01 ล้างสไลด์หลุด,MC,
1139,2022-12-15,ML04 ศูนย์เครื่องไม่กึ่งกลาง,MC,แก้ไขแล้ว
1140,2022-12-15,Lm01 อราม,LM,แก้ไขแล้ว
1141,2022-12-15,WR19. ปุ่มกดไม่ติด,WD1,
1142,2022-12-15,ตั้งเสาเชเชอร์,LM,แก้ไขแล้ว
1143,2022-12-15,ML06 alarm,MC,แก้ไขแล้ว
1144,2022-12-16,Lm07 อราม,LM,แก้ไขแล้ว
1145,2022-12-16,Ml-07 ที่รับงานกดกลับไม่ได้,MC,แก้ไขแล้ว
1146,2022-12-16,ตั้งโซ่เครื่องยิงทราย,PT,แก้ไขแล้ว
1147,2022-12-16,PP-05 ปั้มงานแล้วมีน้ำมันไหลออกม,Supplier,แก้ไขแล้ว
1148,2022-12-16,ตั้งเสาเชเชอร์,LM,แก้ไขแล้ว
1149,2022-12-16,เครื่องยิงทรายมีเสียงดังผิดปกติ,PT,แก้ไขแล้ว
1150,2022-12-16,LM เครนกดขึ้นลงไม่ได้,LM,แก้ไขแล้ว
1151,2022-12-16,MC05 ลมรั่ว,MC,แก้ไขแล้ว
1152,2022-12-16,ลอดไฟหน้าแผนก WD2 ตรงข้างออฟฟิตเสีย,WD2,แก้ไขแล้ว
1153,2022-12-17,ประตูห้องขยะอันตรายปิดไม่ได้,ส่วนกลาง,แก้ไขแล้ว
1154,2022-12-17,MC 12 alarm,MC,แก้ไขแล้ว
1155,2022-12-18,ตู้เชื่อม WD 3 error,WD1,แก้ไขแล้ว
1156,2022-12-19,LM05มีเสียงดังผิดปกติ,สท,
1157,2022-12-19,ขาเหยียบ เครื่องML-03หัก,MC,แก้ไขแล้ว
1158,2022-12-19,MC ลมตก,MC,แก้ไขแล้ว
1159,2022-12-20,wr01 มีปํญหา,WD1,แก้ไขแล้ว
1160,2022-12-20,TM05 ต๊าปไม้ได้เครื่องหมดแรง,MC,แก้ไขแล้ว
1161,2022-12-20,MC12 หารอบไม่เจอ,MC,
1162,2022-12-20, PB-05 กดสตาทมอเตอร์ไม่ได้,PB,แก้ไขแล้ว
1163,2022-12-20,ไฟดับทั้งโรงงาน,ส่วนกลาง,แก้ไขแล้ว
1164,2022-12-20,ML02 เครื่องจักรมีปัญหา,MC,แก้ไขแล้ว
1165,2022-12-20,MC พัดลมไม่ติด,MC,แก้ไขแล้ว
1166,2022-12-20,PC02 อราม,LM,แก้ไขแล้ว
1167,2022-12-20,LMลมตก,LM,แก้ไขแล้ว
1168,2022-12-20,Mcลมตก,MC,แก้ไขแล้ว
1169,2022-12-21,ลมตก,LM,แก้ไขแล้ว
1170,2022-12-21,LM-01 อราม,LM,แก้ไขแล้ว
1171,2022-12-21,LM 06 ประตูปิดไม่สนิท,LM,แก้ไขแล้ว
1172,2022-12-22,PC-02ลมตก,LM,แก้ไขแล้ว
1173,2022-12-22,PC-02ลมตก,LM,แก้ไขแล้ว
1174,2022-12-22,Lm01 อราม,LM,แก้ไขแล้ว
1175,2022-12-22,wr27ลวดไม่ออก,WR,แก้ไขแล้ว
1176,2022-12-23,น้ำมันไฮโดลิก Ml-07,MC,แก้ไขแล้ว
1177,2022-12-23,LM 06 มีปัญหา,LM,แก้ไขแล้ว
1178,2022-12-23,LM 06 ขาดกดแค้มไม่ได้,LM,แก้ไขแล้ว
1179,2022-12-24,Pc-02 อราม,LM,
1180,2022-12-24,mc01 น้ำรั่ว,MC,แก้ไขแล้ว
1181,2022-12-25,น๊อตหลุด Ml-07,MC,แก้ไขแล้ว
1182,2022-12-26,พัดลมบู๊ทพ่นมีปัญหา,PT,แก้ไขแล้ว
1183,2022-12-28,LM-06 ลมตก,LM,แก้ไขแล้ว
1184,2022-12-29,LM-06 ลมตก,LM,แก้ไขแล้ว
1185,2022-12-29,LM-06 อราม,LM,แก้ไขแล้ว
